"","GENEID","Alignment.x","Rank.x","baseMean.x","Alignment.y","Rank.y","baseMean.y","logMeanExpression","RankDiff","MeanRank","num.trans"
"1","ENSMUSG00000062518","STAR",1055,362.343158064694,"HISAT2",586,209.619092839505,6.14665619454993,469,820.5,1
"2","ENSMUSG00000078498","STAR",902,272.904452807007,"HISAT2",678,144.379357033288,5.84381722423247,224,790,2
"3","ENSMUSG00000093898","STAR",305,82.5436537951315,"HISAT2",499,105.932026395008,4.90904298089404,-194,402,1
"4","ENSMUSG00000095661","STAR",748,284.407791185103,"HISAT2",578,185.711150161358,5.93294352781098,170,663,2
"5","ENSMUSG00000096793","STAR",572,208.604751209382,"HISAT2",414,144.825600628087,5.6384171283206,158,493,8
"6","ENSMUSG00000096904","STAR",586,217.610006330121,"HISAT2",429,169.034965728384,5.71084907794482,157,507.5,2
"7","ENSMUSG00000079410","STAR",269,158.203946003014,"HISAT2",400,118.839345116647,5.38276705027424,-131,334.5,1
"8","ENSMUSG00000090872","STAR",334,105.160311329045,"HISAT2",205,75.354756624972,4.96170894814522,129,269.5,NA
"9","ENSMUSG00000073490","STAR",196,71.1537444195158,"HISAT2",306,55.2728742587539,4.5929982227801,-110,251,NA
"10","ENSMUSG00000047905","STAR",1371,2045.82599916629,"HISAT2",1273,2252.75564349906,8.06218183696902,98,1322,NA
"11","ENSMUSG00000034620","STAR",1011,958.750612688944,"HISAT2",916,891.590055442299,7.24746914185832,95,963.5,NA
"12","ENSMUSG00000048709","STAR",1101,782.411695047,"HISAT2",1010,598.261623704867,6.98614354827256,91,1055.5,NA
"13","ENSMUSG00000046993","STAR",1324,2552.82975386506,"HISAT2",1235,1933.5743072985,8.16610742957687,89,1279.5,1
"14","ENSMUSG00000056608","STAR",1307,3343.94044848557,"HISAT2",1220,2921.94674724004,8.47739438619789,87,1263.5,NA
"15","ENSMUSG00000096827","STAR",677,409.367605636982,"HISAT2",591,370.895581014196,6.3882510988241,86,634,2
"16","ENSMUSG00000115852","STAR",749,328.777148449488,"HISAT2",834,266.162242596038,6.13525806857823,-85,791.5,NA
"17","ENSMUSG00000060680","STAR",1322,3994.2661010089,"HISAT2",1238,3217.33632592313,8.63104571520491,84,1280,1
"18","ENSMUSG00000057829","STAR",754,360.338774129518,"HISAT2",671,294.504698516876,6.22967624827195,83,712.5,NA
"19","ENSMUSG00000072949","STAR",752,248.840030712867,"HISAT2",670,226.024841526638,5.8912365361301,82,711,4
"20","ENSMUSG00000034312","STAR",1158,944.402681884112,"HISAT2",1076,926.956737481538,7.24984105205898,82,1117,NA
"21","ENSMUSG00000097354","STAR",1031,569.259484739062,"HISAT2",950,558.362669950313,6.74340033529337,81,990.5,NA
"22","ENSMUSG00000021091","STAR",131,22.7744659700487,"HISAT2",52,18.84633087586,3.47189289108636,79,91.5,1
"23","ENSMUSG00000095854","STAR",676,409.367605636982,"HISAT2",599,368.968993804252,6.38663030273618,77,637.5,2
"24","ENSMUSG00000084817","STAR",1201,6016.81812833142,"HISAT2",1278,4790.63782939791,9.03743082806297,-77,1239.5,NA
"25","ENSMUSG00000019817","STAR",254,623.167646518061,"HISAT2",327,556.370944560725,6.80389709958343,-73,290.5,NA
"26","ENSMUSG00000036473","STAR",1064,402.774573053755,"HISAT2",993,390.390063226988,6.39353992434319,71,1028.5,NA
"27","ENSMUSG00000055720","STAR",1403,1786.34154815768,"HISAT2",1332,1684.7492713996,7.87425086297125,71,1367.5,NA
"28","ENSMUSG00000028556","STAR",168,35.2492810024345,"HISAT2",238,36.3926260922202,3.97866420280203,-70,203,NA
"29","ENSMUSG00000027035","STAR",1039,1146.36102480163,"HISAT2",969,1143.46851379594,7.44897156183262,70,1004,NA
"30","ENSMUSG00000021460","STAR",1169,820.802150263744,"HISAT2",1100,798.893877855825,7.10681028835571,69,1134.5,NA
"31","ENSMUSG00000035227","STAR",1308,6627.24076530429,"HISAT2",1239,6134.56771549001,9.17931653326667,69,1273.5,10
"32","ENSMUSG00000090019","STAR",1253,2385.43949523271,"HISAT2",1185,2332.04609724075,8.17511478181125,68,1219,6
"33","ENSMUSG00000095295","STAR",491,125.699834097808,"HISAT2",424,90.5070857088209,5.14139086992482,67,457.5,2
"34","ENSMUSG00000031644","STAR",1156,1318.97564449889,"HISAT2",1090,1246.17475862289,7.57150610136811,66,1123,NA
"35","ENSMUSG00000073664","STAR",1118,654.275003874882,"HISAT2",1054,633.282626454138,6.87824028239612,64,1086,NA
"36","ENSMUSG00000026603","STAR",1183,1035.12379150535,"HISAT2",1119,1010.58981561165,7.33980954112387,64,1151,NA
"37","ENSMUSG00000094634","STAR",370,110.097264016897,"HISAT2",433,96.6587836408383,5.06529174702377,-63,401.5,NA
"38","ENSMUSG00000022263","STAR",1066,1689.67045255705,"HISAT2",1003,1622.91461764806,7.82449701369165,63,1034.5,NA
"39","ENSMUSG00000026082","STAR",1262,1385.05360691534,"HISAT2",1199,1348.0408105432,7.63001165207721,63,1230.5,NA
"40","ENSMUSG00000080021","STAR",1148,2429.11893085677,"HISAT2",1086,2154.64128373771,8.16235643489696,62,1117,NA
"41","ENSMUSG00000079391","STAR",347,117.178842663505,"HISAT2",408,95.1294480609211,5.10439012372165,-61,377.5,NA
"42","ENSMUSG00000079388","STAR",366,92.5412901482622,"HISAT2",305,76.6276178575907,4.87409059709008,61,335.5,2
"43","ENSMUSG00000028218","STAR",1005,834.592462625092,"HISAT2",1066,777.50649662877,7.1093447702635,-61,1035.5,NA
"44","ENSMUSG00000082130","STAR",552,119.182652151275,"HISAT2",492,88.8531005424045,5.09748067211285,60,522,NA
"45","ENSMUSG00000038301","STAR",714,453.870637713616,"HISAT2",656,434.980847773938,6.50930708703537,58,685,NA
"46","ENSMUSG00000037860","STAR",937,755.177715197664,"HISAT2",879,709.483233153997,7.01204261758861,58,908,NA
"47","ENSMUSG00000096592","STAR",972,590.824819754465,"HISAT2",1030,427.497928114551,6.69031267610111,-58,1001,NA
"48","ENSMUSG00000094392","STAR",1120,13231.4400760885,"HISAT2",1062,6884.35105772577,9.72158284514547,58,1091,NA
"49","ENSMUSG00000041272","STAR",1238,1103.388116422,"HISAT2",1181,1075.29143380337,7.40308170838132,57,1209.5,NA
"50","ENSMUSG00000085156","STAR",827,1160.48839247435,"HISAT2",883,1141.31973853536,7.4565402024281,-56,855,NA
"51","ENSMUSG00000061887","STAR",1186,2728.71148996023,"HISAT2",1130,2584.08551055788,8.29922478720786,56,1158,NA
"52","ENSMUSG00000091754","STAR",600,297.532072120856,"HISAT2",545,251.351795840429,6.04786371316701,55,572.5,2
"53","ENSMUSG00000056888","STAR",860,1346.51290487915,"HISAT2",805,1323.78480268132,7.60509630617051,55,832.5,NA
"54","ENSMUSG00000059146","STAR",727,227.776021586856,"HISAT2",673,223.244284638264,5.82717394296224,54,700,NA
"55","ENSMUSG00000030498","STAR",789,255.140075935259,"HISAT2",735,245.09892109712,5.93407252608823,54,762,NA
"56","ENSMUSG00000085396","STAR",516,719.448163881188,"HISAT2",463,633.411812599347,6.94327112815304,53,489.5,NA
"57","ENSMUSG00000000934","STAR",894,500.986816040623,"HISAT2",947,479.624419472335,6.60772936823498,-53,920.5,3
"58","ENSMUSG00000071708","STAR",1176,5665.71491266972,"HISAT2",1124,4902.73843867511,9.0017262716215,52,1150,NA
"59","ENSMUSG00000036572","STAR",1316,1761.07688773105,"HISAT2",1264,1717.09417940778,7.87078606639215,52,1290,NA
"60","ENSMUSG00000025939","STAR",1086,539.102407509424,"HISAT2",1035,525.145058686426,6.68670321005883,51,1060.5,NA
"61","ENSMUSG00000032966","STAR",1402,9837.35594223994,"HISAT2",1351,9512.15586036237,9.58832697176974,51,1376.5,NA
"62","ENSMUSG00000040213","STAR",802,397.742431637813,"HISAT2",752,378.248984895115,6.37479808899095,50,777,NA
"63","ENSMUSG00000016487","STAR",875,668.233771014561,"HISAT2",825,643.644508908669,6.89776153291013,50,850,NA
"64","ENSMUSG00000009828","STAR",1075,588.65914846286,"HISAT2",1025,562.223182684953,6.76822965945667,50,1050,NA
"65","ENSMUSG00000083270","STAR",1177,1470.47059756037,"HISAT2",1227,1250.24363786454,7.64759156875134,-50,1202,1
"66","ENSMUSG00000074166","STAR",790,349.580107274283,"HISAT2",839,339.259125804277,6.25230779036363,-49,814.5,4
"67","ENSMUSG00000029924","STAR",871,1040.72438515245,"HISAT2",822,1011.42197343678,7.34370780132034,49,846.5,NA
"68","ENSMUSG00000036825","STAR",975,595.832886198544,"HISAT2",926,579.112837897519,6.78602744110526,49,950.5,NA
"69","ENSMUSG00000095403","STAR",1344,2648.31554024653,"HISAT2",1295,2138.65908707858,8.22084570481845,49,1319.5,1
"70","ENSMUSG00000039199","STAR",574,134.579310714958,"HISAT2",526,131.056721167913,5.29885557818074,48,550,4
"71","ENSMUSG00000086691","STAR",733,370.938965663904,"HISAT2",686,366.481416323133,6.31748895515121,47,709.5,NA
"72","ENSMUSG00000060467","STAR",1198,6440.19833849525,"HISAT2",1245,4669.43650013335,9.0796525427119,-47,1221.5,NA
"73","ENSMUSG00000061119","STAR",1199,727.400504266995,"HISAT2",1152,704.633029129952,6.98445426618511,47,1175.5,5
"74","ENSMUSG00000069793","STAR",1440,2233.59603263545,"HISAT2",1393,2180.81296601155,8.10892491278649,47,1416.5,6
"75","ENSMUSG00000004056","STAR",1459,6300.20389123502,"HISAT2",1412,5752.26680638155,9.12438341646251,47,1435.5,NA
"76","ENSMUSG00000054808","STAR",1460,11672.5050887986,"HISAT2",1413,11250.7120208607,9.7583381369596,47,1436.5,NA
"77","ENSMUSG00000040724","STAR",33,24.6720047574063,"HISAT2",79,26.2539905848275,3.63228264856717,-46,56,3
"78","ENSMUSG00000070732","STAR",345,157.595137214781,"HISAT2",299,151.042558813533,5.45153797093869,46,322,4
"79","ENSMUSG00000072774","STAR",893,344.409904283229,"HISAT2",847,326.990739844814,6.230294962092,46,870,NA
"80","ENSMUSG00000096755","STAR",1149,2255.52972144087,"HISAT2",1103,1293.84549872879,7.97331133817708,46,1126,NA
"81","ENSMUSG00000002345","STAR",1175,541.41932022936,"HISAT2",1129,516.078395216826,6.68393464579694,46,1152,NA
"82","ENSMUSG00000095159","STAR",1454,6512.90205863583,"HISAT2",1408,5570.96108609688,9.1375957502192,46,1431,1
"83","ENSMUSG00000078695","STAR",913,712.571401356148,"HISAT2",868,667.665555891159,6.95311497467597,45,890.5,4
"84","ENSMUSG00000078153","STAR",1047,6958.58901281458,"HISAT2",1092,4445.5422461678,9.12493063559139,-45,1069.5,1
"85","ENSMUSG00000053819","STAR",1081,2001.44255970579,"HISAT2",1036,1928.30556765211,7.99483308167473,45,1058.5,NA
"86","ENSMUSG00000057367","STAR",1206,1890.73545440497,"HISAT2",1161,1867.50238814367,7.9460819097146,45,1183.5,NA
"87","ENSMUSG00000057789","STAR",1368,2690.28694726938,"HISAT2",1323,2592.73732248969,8.29070796504861,45,1345.5,NA
"88","ENSMUSG00000069769","STAR",1449,3753.5210435131,"HISAT2",1404,3655.11841424306,8.62713762994229,45,1426.5,NA
"89","ENSMUSG00000059436","STAR",1456,6383.08318203694,"HISAT2",1411,6293.39884894009,9.16217718489876,45,1433.5,NA
"90","ENSMUSG00000018919","STAR",330,65.4344985663211,"HISAT2",286,61.3398981913825,4.56543559650791,44,308,NA
"91","ENSMUSG00000096629","STAR",367,143.642525353261,"HISAT2",323,112.813492090335,5.29856369319928,44,345,3
"92","ENSMUSG00000024544","STAR",593,144.489504236725,"HISAT2",549,138.759695790838,5.36536532453296,44,571,2
"93","ENSMUSG00000023393","STAR",732,1148.12053724751,"HISAT2",688,1113.77005313486,7.44132365294686,44,710,NA
"94","ENSMUSG00000062232","STAR",757,619.745301336005,"HISAT2",713,603.124168724244,6.82579373268769,44,735,NA
"95","ENSMUSG00000071793","STAR",1272,4354.8963910943,"HISAT2",1316,3709.62036790819,8.73386892341641,-44,1294,NA
"96","ENSMUSG00000040565","STAR",1293,5410.63601428216,"HISAT2",1249,5198.05995787474,8.98840434046884,44,1271,3
"97","ENSMUSG00000038733","STAR",1445,8841.66903602721,"HISAT2",1401,8705.70531611353,9.48755699925305,44,1423,NA
"98","ENSMUSG00000097113","STAR",270,48.6276217150679,"HISAT2",313,45.7176574340697,4.26950792729561,-43,291.5,NA
"99","ENSMUSG00000022817","STAR",319,63.3262105069699,"HISAT2",276,58.8130270061792,4.52972142009576,43,297.5,NA
"100","ENSMUSG00000002058","STAR",1124,684.643257643672,"HISAT2",1081,675.171171989222,6.92974066315217,43,1102.5,NA
"101","ENSMUSG00000024413","STAR",1236,1605.82356111757,"HISAT2",1193,1559.78031009988,7.77725361061732,43,1214.5,NA
"102","ENSMUSG00000029763","STAR",1301,5751.64452844007,"HISAT2",1258,5459.19230667303,9.04561202489743,43,1279.5,NA
"103","ENSMUSG00000028478","STAR",1450,4295.11815397556,"HISAT2",1407,4144.67777614297,8.75895546039144,43,1428.5,NA
"104","ENSMUSG00000005410","STAR",1452,19010.2394010065,"HISAT2",1409,18371.6171182374,10.2469371038472,43,1430.5,5
"105","ENSMUSG00000021340","STAR",349,69.1669726869257,"HISAT2",307,64.2060455685905,4.61779017262434,42,328,NA
"106","ENSMUSG00000106252","STAR",838,1208.28973378866,"HISAT2",880,661.657102319462,7.33896498920147,-42,859,NA
"107","ENSMUSG00000033386","STAR",928,1220.80508766905,"HISAT2",886,1186.12230265555,7.5032158898068,42,907,NA
"108","ENSMUSG00000073647","STAR",1143,2337.94052433839,"HISAT2",1101,1906.44708735043,8.09899660124479,42,1122,NA
"109","ENSMUSG00000045594","STAR",1258,1600.34687740365,"HISAT2",1216,1543.1546648343,7.7714568075923,42,1237,NA
"110","ENSMUSG00000035382","STAR",1288,1378.81244994655,"HISAT2",1246,1347.58729423726,7.62686553161799,42,1267,9
"111","ENSMUSG00000051022","STAR",70,13.6757633253253,"HISAT2",29,12.8461075928119,3.00066096366821,41,49.5,4
"112","ENSMUSG00000015355","STAR",700,4277.85358931911,"HISAT2",741,4010.15303084355,8.74559172783699,-41,720.5,NA
"113","ENSMUSG00000036026","STAR",722,557.075958423135,"HISAT2",681,539.190775657819,6.71740721126366,41,701.5,NA
"114","ENSMUSG00000048285","STAR",856,1475.74397246466,"HISAT2",815,1394.90163684096,7.68395361769545,41,835.5,4
"115","ENSMUSG00000023277","STAR",933,3361.67168901553,"HISAT2",892,3233.69780728797,8.51288805613766,41,912.5,NA
"116","ENSMUSG00000001751","STAR",1019,465.778274324606,"HISAT2",978,459.139081814709,6.54441217395083,41,998.5,3
"117","ENSMUSG00000025792","STAR",1091,593.199978617123,"HISAT2",1132,573.295805230446,6.77974903029388,-41,1111.5,6
"118","ENSMUSG00000030733","STAR",1296,1876.92111563787,"HISAT2",1255,1849.93091679659,7.93804824571934,41,1275.5,NA
"119","ENSMUSG00000034377","STAR",1415,2276.1106677872,"HISAT2",1374,2137.94193128408,8.11524637687717,41,1394.5,NA
"120","ENSMUSG00000020532","STAR",1424,6505.88783743302,"HISAT2",1383,5803.25933935952,9.14926438343985,41,1403.5,NA
"121","ENSMUSG00000079426","STAR",1447,5930.853556312,"HISAT2",1406,5628.78261358724,9.07626538741583,41,1426.5,NA
"122","ENSMUSG00000042535","STAR",1451,5360.74229386864,"HISAT2",1410,5207.13046710391,8.98272527913226,41,1430.5,9
"123","ENSMUSG00000071552","STAR",384,90.5422182558526,"HISAT2",344,88.4400947465499,4.90351223072359,40,364,1
"124","ENSMUSG00000033420","STAR",472,68.4304316216181,"HISAT2",432,66.3288508793021,4.62099291438748,40,452,NA
"125","ENSMUSG00000035640","STAR",758,543.198642019264,"HISAT2",718,529.568774020859,6.69454105462439,40,738,NA
"126","ENSMUSG00000106464","STAR",833,296.392964905202,"HISAT2",793,292.17771245424,6.09239938141724,40,813,NA
"127","ENSMUSG00000029186","STAR",885,532.795559311948,"HISAT2",845,521.288737443685,6.67637783203931,40,865,NA
"128","ENSMUSG00000003345","STAR",1409,4863.9267111671,"HISAT2",1369,4731.25825876124,8.8859328804231,40,1389,NA
"129","ENSMUSG00000038241","STAR",1419,4214.93950580258,"HISAT2",1379,4095.81564803184,8.74239020570243,40,1399,NA
"130","ENSMUSG00000011267","STAR",564,113.842850501421,"HISAT2",525,112.170253603639,5.13537468435766,39,544.5,2
"131","ENSMUSG00000022013","STAR",960,1335.71486328209,"HISAT2",999,1224.1368220476,7.57444722252334,-39,979.5,3
"132","ENSMUSG00000024381","STAR",1023,1664.24615731888,"HISAT2",984,1587.40073278165,7.80708153387211,39,1003.5,NA
"133","ENSMUSG00000072704","STAR",1053,954.199144589229,"HISAT2",1014,940.647979252052,7.26159239404144,39,1033.5,4
"134","ENSMUSG00000028398","STAR",1229,973.635834193467,"HISAT2",1190,969.693272288756,7.28515177026938,39,1209.5,1
"135","ENSMUSG00000047193","STAR",1302,1287.27333615904,"HISAT2",1263,1244.49973169888,7.55460885742101,39,1282.5,NA
"136","ENSMUSG00000050912","STAR",1349,4455.43525395179,"HISAT2",1310,4422.34878137511,8.80486671052734,39,1329.5,NA
"137","ENSMUSG00000060261","STAR",1421,7337.86168683167,"HISAT2",1382,7098.98068877597,9.29535703036527,39,1401.5,NA
"138","ENSMUSG00000025742","STAR",1431,5011.09671851587,"HISAT2",1392,4944.13698708325,8.92041113815516,39,1411.5,2
"139","ENSMUSG00000037815","STAR",1436,2129.40981911034,"HISAT2",1397,2074.03653568953,8.0603594451207,39,1416.5,11
"140","ENSMUSG00000042099","STAR",461,219.060995300432,"HISAT2",423,210.669773275826,5.78196462776594,38,442,NA
"141","ENSMUSG00000041995","STAR",846,473.953068910976,"HISAT2",808,469.863318155785,6.56369292937721,38,827,3
"142","ENSMUSG00000050721","STAR",847,1191.79429607702,"HISAT2",809,1173.28185274367,7.48348916814934,38,828,4
"143","ENSMUSG00000026821","STAR",890,738.5692782369,"HISAT2",852,717.190780930697,7.00048455721636,38,871,NA
"144","ENSMUSG00000027669","STAR",1010,397.655708308796,"HISAT2",972,388.816842998828,6.38361495639575,38,991,NA
"145","ENSMUSG00000021728","STAR",1028,4421.79085340891,"HISAT2",990,4222.53440130338,8.78463042108025,38,1009,6
"146","ENSMUSG00000040990","STAR",1189,8363.5496443714,"HISAT2",1151,8060.14924473076,9.424937447324,38,1170,NA
"147","ENSMUSG00000006019","STAR",1211,913.434469180011,"HISAT2",1173,884.658403185862,7.21212016922035,38,1192,NA
"148","ENSMUSG00000024014","STAR",1261,10753.5392704721,"HISAT2",1223,10386.4117517915,9.67701002133024,38,1242,7
"149","ENSMUSG00000008036","STAR",1391,3231.03866206858,"HISAT2",1353,3188.5747026641,8.48163357903467,38,1372,NA
"150","ENSMUSG00000031930","STAR",1416,2161.46583139079,"HISAT2",1378,2093.50255890301,8.07347064463971,38,1397,NA
"151","ENSMUSG00000044221","STAR",1426,2814.55688630878,"HISAT2",1388,2783.48648013532,8.34433871043976,38,1407,NA
"152","ENSMUSG00000034412","STAR",834,1128.85758963406,"HISAT2",797,1099.08216460859,7.42559544637525,37,815.5,NA
"153","ENSMUSG00000019794","STAR",1108,1581.62386683594,"HISAT2",1071,1512.64828320103,7.75702890416134,37,1089.5,6
"154","ENSMUSG00000076490","STAR",1132,17752.3116286116,"HISAT2",1095,17160.2290759042,10.1785563928167,37,1113.5,NA
"155","ENSMUSG00000001576","STAR",1228,4556.15556076007,"HISAT2",1191,4448.15931522732,8.82176707330813,37,1209.5,NA
"156","ENSMUSG00000082062","STAR",1231,7579.72910301399,"HISAT2",1194,4181.39763856791,9.17682784003264,37,1212.5,NA
"157","ENSMUSG00000040270","STAR",1242,6934.59709313559,"HISAT2",1205,6815.5119033611,9.24400268936985,37,1223.5,NA
"158","ENSMUSG00000076498","STAR",1313,22494.6279702138,"HISAT2",1276,21139.4818297806,10.4062115128286,37,1294.5,1
"159","ENSMUSG00000028797","STAR",1382,2362.99617790301,"HISAT2",1345,2258.46789358654,8.15829581533118,37,1363.5,NA
"160","ENSMUSG00000040479","STAR",1404,10008.0395102087,"HISAT2",1367,9762.07531865162,9.60838314723188,37,1385.5,NA
"161","ENSMUSG00000046230","STAR",1422,4354.07796411864,"HISAT2",1385,4204.18600020008,8.77279169104567,37,1403.5,NA
"162","ENSMUSG00000029338","STAR",611,337.125147667938,"HISAT2",575,323.855697738314,6.21271229559728,36,593,NA
"163","ENSMUSG00000047454","STAR",961,1311.00015612427,"HISAT2",925,1247.6243627178,7.56776561754788,36,943,NA
"164","ENSMUSG00000031101","STAR",1119,6396.82119241517,"HISAT2",1083,6239.04208288915,9.16076583482195,36,1101,1
"165","ENSMUSG00000058542","STAR",1191,8211.30071901635,"HISAT2",1155,5500.08360614056,9.30213004589148,36,1173,NA
"166","ENSMUSG00000026202","STAR",1348,6503.92318079647,"HISAT2",1312,6409.2412417107,9.180761581105,36,1330,NA
"167","ENSMUSG00000037674","STAR",1394,7224.03543773478,"HISAT2",1358,7085.43110242552,9.28421805230276,36,1376,NA
"168","ENSMUSG00000053774","STAR",1395,3563.79976340599,"HISAT2",1359,3519.92593210267,8.57993561230427,36,1377,4
"169","ENSMUSG00000013662","STAR",1430,3544.31342266447,"HISAT2",1394,3416.86095020144,8.56650586624656,36,1412,10
"170","ENSMUSG00000050382","STAR",689,246.315258793105,"HISAT2",654,237.607350959369,5.90022314782849,35,671.5,NA
"171","ENSMUSG00000021552","STAR",712,183.885413139846,"HISAT2",677,152.414871909732,5.56103867916899,35,694.5,7
"172","ENSMUSG00000045362","STAR",774,551.725193887473,"HISAT2",739,540.986059385249,6.71200583863082,35,756.5,2
"173","ENSMUSG00000023755","STAR",775,333.912533544085,"HISAT2",740,328.640651265007,6.21106755644713,35,757.5,NA
"174","ENSMUSG00000029270","STAR",863,657.914411083755,"HISAT2",828,650.395249714297,6.89072308714292,35,845.5,NA
"175","ENSMUSG00000043067","STAR",906,2225.74576793065,"HISAT2",871,2161.96137726712,8.10371399306958,35,888.5,NA
"176","ENSMUSG00000024644","STAR",907,6963.2763649296,"HISAT2",872,6612.1413028554,9.23691871924174,35,889.5,NA
"177","ENSMUSG00000039512","STAR",916,958.077556649511,"HISAT2",881,942.332649086848,7.26490082900351,35,898.5,NA
"178","ENSMUSG00000050192","STAR",945,814.428336570295,"HISAT2",910,808.895121275284,7.10568431725013,35,927.5,1
"179","ENSMUSG00000033721","STAR",1015,1140.65537907398,"HISAT2",980,1101.10661635781,7.43319875184172,35,997.5,NA
"180","ENSMUSG00000027340","STAR",1033,2105.17324917534,"HISAT2",998,2065.37410407695,8.05129641388703,35,1015.5,NA
"181","ENSMUSG00000024847","STAR",1247,1966.76309323951,"HISAT2",1212,1909.33614335367,7.97982890016167,35,1229.5,6
"182","ENSMUSG00000038037","STAR",1252,4124.54519722631,"HISAT2",1217,4104.27589101828,8.72853669807705,35,1234.5,2
"183","ENSMUSG00000074886","STAR",1266,9963.46394540614,"HISAT2",1231,9595.87957426581,9.59977119746294,35,1248.5,NA
"184","ENSMUSG00000002068","STAR",1277,2466.83308565521,"HISAT2",1242,2383.14115248518,8.20478217329945,35,1259.5,NA
"185","ENSMUSG00000018293","STAR",1389,40983.7576372344,"HISAT2",1354,40595.2372968519,11.0232312631319,35,1371.5,4
"186","ENSMUSG00000021583","STAR",1401,7706.79416680567,"HISAT2",1366,7379.81169412401,9.3410791200096,35,1383.5,6
"187","ENSMUSG00000052512","STAR",217,96.0597660835367,"HISAT2",251,93.2443951796252,4.96061812317528,-34,234,NA
"188","ENSMUSG00000042272","STAR",597,295.975798123357,"HISAT2",563,281.941123983675,6.0798104418299,34,580,NA
"189","ENSMUSG00000023764","STAR",599,2299.43405634429,"HISAT2",565,2145.87091843206,8.12337089661741,34,582,NA
"190","ENSMUSG00000010609","STAR",615,1166.20124596624,"HISAT2",581,1132.14040612622,7.4571888026097,34,598,NA
"191","ENSMUSG00000030921","STAR",829,4547.88439492051,"HISAT2",795,4409.67548618692,8.81770098227694,34,812,NA
"192","ENSMUSG00000026110","STAR",1113,1477.19653805071,"HISAT2",1079,1460.46474464399,7.69958372827789,34,1096,NA
"193","ENSMUSG00000086290","STAR",1241,1218.2452769756,"HISAT2",1207,1175.24359593657,7.49879612935449,34,1224,NA
"194","ENSMUSG00000022831","STAR",1331,10915.5297171715,"HISAT2",1297,10365.6785133801,9.68647323986943,34,1314,NA
"195","ENSMUSG00000031633","STAR",1335,7643.94692010819,"HISAT2",1301,7450.05903909519,9.33864355979481,34,1318,2
"196","ENSMUSG00000020132","STAR",1369,3313.29266140076,"HISAT2",1335,3259.87969923107,8.50577475064218,34,1352,NA
"197","ENSMUSG00000023883","STAR",1381,2296.0442233179,"HISAT2",1347,2234.66773182182,8.13545772191818,34,1364,NA
"198","ENSMUSG00000025626","STAR",1398,5293.40910040228,"HISAT2",1364,5228.59156176353,8.97559286458605,34,1381,NA
"199","ENSMUSG00000070738","STAR",1399,8691.954110564,"HISAT2",1365,8472.68543594288,9.46717374062535,34,1382,NA
"200","ENSMUSG00000020520","STAR",1405,2868.64800220428,"HISAT2",1371,2805.93329924347,8.35974717334723,34,1388,NA
"201","ENSMUSG00000023150","STAR",1429,11507.477366017,"HISAT2",1395,11262.8856159587,9.7491071898169,34,1412,NA
"202","ENSMUSG00000026879","STAR",390,318.696803280821,"HISAT2",357,305.447993044104,6.15575111299674,33,373.5,NA
"203","ENSMUSG00000081833","STAR",781,829.067077081701,"HISAT2",748,660.356611080735,7.05552454019016,33,764.5,NA
"204","ENSMUSG00000025584","STAR",938,365.117131658489,"HISAT2",971,342.332779216878,6.2846629788096,-33,954.5,NA
"205","ENSMUSG00000025034","STAR",1085,2157.98504189642,"HISAT2",1052,2098.15374077801,8.07311050486553,33,1068.5,2
"206","ENSMUSG00000014226","STAR",1205,6101.59387061795,"HISAT2",1172,5946.65212004294,9.11326983602409,33,1188.5,NA
"207","ENSMUSG00000020133","STAR",1217,1263.92897429285,"HISAT2",1184,1256.96523985327,7.54560727046592,33,1200.5,1
"208","ENSMUSG00000029204","STAR",1219,2595.01988861721,"HISAT2",1186,2560.84162994726,8.26241466527961,33,1202.5,4
"209","ENSMUSG00000027508","STAR",1269,3043.01599472982,"HISAT2",1236,3016.28539099587,8.42313713671827,33,1252.5,NA
"210","ENSMUSG00000019428","STAR",1438,6085.81256807985,"HISAT2",1405,5893.40956378864,9.1085863838585,33,1421.5,NA
"211","ENSMUSG00000012819","STAR",211,113.8106996769,"HISAT2",243,108.325769417551,5.12380673124087,-32,227,NA
"212","ENSMUSG00000090363","STAR",243,141.847028700468,"HISAT2",211,131.539038663619,5.33569285925311,32,227,NA
"213","ENSMUSG00000006567","STAR",287,45.8980167394102,"HISAT2",319,44.8894041270993,4.22453502937488,-32,303,NA
"214","ENSMUSG00000040249","STAR",448,240.834060226493,"HISAT2",416,234.593993534717,5.88089900039782,32,432,NA
"215","ENSMUSG00000021477","STAR",661,162.686176175172,"HISAT2",629,155.989290699563,5.48347166369581,32,645,7
"216","ENSMUSG00000038371","STAR",679,624.753988169371,"HISAT2",711,600.714929648325,6.82991421997686,-32,695,NA
"217","ENSMUSG00000020253","STAR",755,1439.26293793946,"HISAT2",723,1395.59093233891,7.66718558489839,32,739,NA
"218","ENSMUSG00000040212","STAR",764,1457.10073323455,"HISAT2",732,1431.09558682732,7.68370222149918,32,748,NA
"219","ENSMUSG00000034903","STAR",965,583.605322530877,"HISAT2",933,571.503076719585,6.76775369792019,32,949,NA
"220","ENSMUSG00000027351","STAR",1089,1162.318601114,"HISAT2",1057,1150.2600267473,7.46017300260602,32,1073,NA
"221","ENSMUSG00000052889","STAR",1154,2981.22221853397,"HISAT2",1122,2888.14775419004,8.39509246946981,32,1138,NA
"222","ENSMUSG00000015112","STAR",1170,1083.91035396325,"HISAT2",1138,1064.30857042807,7.38774923777198,32,1154,NA
"223","ENSMUSG00000036529","STAR",1182,6593.36996609392,"HISAT2",1150,6410.32435693936,9.18998787227336,32,1166,NA
"224","ENSMUSG00000040681","STAR",1215,10139.2359549179,"HISAT2",1183,9401.9693503421,9.60509638386752,32,1199,NA
"225","ENSMUSG00000000275","STAR",1306,4550.36258113999,"HISAT2",1274,4473.61723608052,8.82278952095911,32,1290,NA
"226","ENSMUSG00000040407","STAR",1332,4476.8705646828,"HISAT2",1300,4377.56408203874,8.80472314315358,32,1316,NA
"227","ENSMUSG00000031299","STAR",1435,7309.75798109691,"HISAT2",1403,6882.21443589205,9.28274151394908,32,1419,NA
"228","ENSMUSG00000023990","STAR",638,516.854846302119,"HISAT2",607,506.475601354247,6.64651082836203,31,622.5,NA
"229","ENSMUSG00000021190","STAR",809,377.257553840197,"HISAT2",778,373.061333501476,6.33467868557586,31,793.5,NA
"230","ENSMUSG00000054733","STAR",816,447.910537516936,"HISAT2",785,430.254457281498,6.496831951094,31,800.5,5
"231","ENSMUSG00000020440","STAR",858,3521.07339955122,"HISAT2",827,3349.73839392632,8.55563333009944,31,842.5,NA
"232","ENSMUSG00000028393","STAR",873,800.889345633952,"HISAT2",904,760.640043349887,7.07429408017095,-31,888.5,NA
"233","ENSMUSG00000022864","STAR",991,2829.63533138117,"HISAT2",960,2801.09956299351,8.35000103299248,31,975.5,NA
"234","ENSMUSG00000108414","STAR",1142,3899.36295971083,"HISAT2",1111,3723.77475959656,8.65890980296448,31,1126.5,NA
"235","ENSMUSG00000028656","STAR",1200,16143.5603634162,"HISAT2",1169,15777.143150234,10.0871470446675,31,1184.5,NA
"236","ENSMUSG00000042121","STAR",1213,1587.60139115164,"HISAT2",1182,1571.61917538632,7.77208343100815,31,1197.5,NA
"237","ENSMUSG00000024965","STAR",1239,11107.1270756812,"HISAT2",1208,10812.183020977,9.7119164655927,31,1223.5,5
"238","ENSMUSG00000096401","STAR",1297,2815.02111697006,"HISAT2",1266,2452.15875887161,8.30427233396149,31,1281.5,1
"239","ENSMUSG00000003037","STAR",1362,4893.54116328246,"HISAT2",1331,4694.77522535113,8.88750476112418,31,1346.5,NA
"240","ENSMUSG00000024969","STAR",1365,5328.27454537215,"HISAT2",1334,5208.25953896038,8.97871146096447,31,1349.5,NA
"241","ENSMUSG00000020458","STAR",1374,3042.88513429654,"HISAT2",1343,2943.32221237305,8.41505996035386,31,1358.5,NA
"242","ENSMUSG00000000682","STAR",1379,9068.03925104966,"HISAT2",1348,8976.92540823153,9.51462156030679,31,1363.5,3
"243","ENSMUSG00000024870","STAR",1412,3656.01346104179,"HISAT2",1381,3609.41976181642,8.60533654017484,31,1396.5,4
"244","ENSMUSG00000104413","STAR",246,38.1622079036791,"HISAT2",216,38.1114752286331,4.04686758201399,30,231,NA
"245","ENSMUSG00000030352","STAR",378,79.3265072246945,"HISAT2",348,77.8945779738775,4.77300224358872,30,363,NA
"246","ENSMUSG00000090691","STAR",427,94.6809716219677,"HISAT2",397,114.981118855425,5.02500837832374,30,412,8
"247","ENSMUSG00000036863","STAR",568,168.047460565788,"HISAT2",598,163.201862235659,5.52005349464114,-30,583,NA
"248","ENSMUSG00000006360","STAR",571,1985.09889160643,"HISAT2",541,1908.44790742895,7.98593450908314,30,556,NA
"249","ENSMUSG00000076476","STAR",603,202.726278415685,"HISAT2",573,186.112435034863,5.68962437318134,30,588,1
"250","ENSMUSG00000032198","STAR",682,318.274565021986,"HISAT2",712,306.835786232347,6.15632720147925,-30,697,8
"251","ENSMUSG00000039478","STAR",805,241.327513952138,"HISAT2",775,234.586088891868,5.88226488913755,30,790,NA
"252","ENSMUSG00000097039","STAR",806,588.377930880926,"HISAT2",836,561.791382532561,6.76765794583907,-30,821,NA
"253","ENSMUSG00000040687","STAR",830,4158.78612668397,"HISAT2",800,3988.8150167667,8.72472651627089,30,815,NA
"254","ENSMUSG00000042978","STAR",842,1066.35913717344,"HISAT2",812,1056.87210751831,7.37450060003526,30,827,NA
"255","ENSMUSG00000039747","STAR",932,1417.7007960613,"HISAT2",902,1401.55547007708,7.65845343600528,30,917,NA
"256","ENSMUSG00000002897","STAR",957,3758.26413152425,"HISAT2",927,3674.11255243038,8.62968588590517,30,942,3
"257","ENSMUSG00000027171","STAR",996,1177.29049720832,"HISAT2",1026,1163.50898256795,7.47252632058576,-30,1011,NA
"258","ENSMUSG00000027349","STAR",1161,2724.68548500927,"HISAT2",1131,2632.18474897166,8.30419249190083,30,1146,3
"259","ENSMUSG00000070730","STAR",1273,1763.27716786112,"HISAT2",1243,1730.21229681833,7.87412422751851,30,1258,NA
"260","ENSMUSG00000029438","STAR",1284,1187.97095005245,"HISAT2",1254,1175.56589024768,7.48198034141418,30,1269,3
"261","ENSMUSG00000021978","STAR",1289,3087.93922070108,"HISAT2",1259,3054.23061429308,8.43707896221875,30,1274,3
"262","ENSMUSG00000075470","STAR",1292,3095.78367492451,"HISAT2",1262,3075.66764804737,8.44109315927827,30,1277,2
"263","ENSMUSG00000031278","STAR",1295,5865.32953641838,"HISAT2",1265,5785.49604281748,9.0777317029772,30,1280,NA
"264","ENSMUSG00000030282","STAR",1310,1815.30395936888,"HISAT2",1280,1763.92144402505,7.8999934575092,30,1295,NA
"265","ENSMUSG00000015937","STAR",1390,11841.1768606401,"HISAT2",1360,11245.4400694303,9.76789099437333,30,1375,NA
"266","ENSMUSG00000031878","STAR",1392,1985.26158795345,"HISAT2",1362,1908.80530284521,7.98605064951706,30,1377,NA
"267","ENSMUSG00000021108","STAR",1420,6902.94156665686,"HISAT2",1390,6712.36000747652,9.23592249813887,30,1405,NA
"268","ENSMUSG00000032737","STAR",880,668.8856679974,"HISAT2",851,651.051962881957,6.9021512551705,29,865.5,NA
"269","ENSMUSG00000037759","STAR",886,243.635789791966,"HISAT2",857,241.506628336989,5.89822226362278,29,871.5,2
"270","ENSMUSG00000000631","STAR",914,3210.92887716704,"HISAT2",885,3067.61675407265,8.46479133631875,29,899.5,NA
"271","ENSMUSG00000028078","STAR",917,1446.75769733436,"HISAT2",888,1423.55165588797,7.67718434662305,29,902.5,NA
"272","ENSMUSG00000057762","STAR",984,3931.47888269658,"HISAT2",955,3534.91093282115,8.64803448004714,29,969.5,1
"273","ENSMUSG00000059920","STAR",986,1515.84614656357,"HISAT2",957,1495.13353275581,7.72462909162358,29,971.5,2
"274","ENSMUSG00000079197","STAR",1004,10763.2539707332,"HISAT2",975,8731.67772172753,9.62437484672951,29,989.5,NA
"275","ENSMUSG00000039531","STAR",1046,1315.07180767241,"HISAT2",1017,1279.29960384443,7.5780030630954,29,1031.5,9
"276","ENSMUSG00000052539","STAR",1056,536.091084736959,"HISAT2",1027,528.056618959653,6.68476095930331,29,1041.5,NA
"277","ENSMUSG00000032185","STAR",1193,2615.83190400202,"HISAT2",1164,2536.05601885136,8.26458476115718,29,1178.5,NA
"278","ENSMUSG00000027692","STAR",1208,2260.47968398266,"HISAT2",1179,2196.38771001421,8.11930139494851,29,1193.5,NA
"279","ENSMUSG00000032026","STAR",1290,4627.00335938032,"HISAT2",1261,4429.28185274071,8.83078337438052,29,1275.5,10
"280","ENSMUSG00000022108","STAR",1346,7891.75324487588,"HISAT2",1317,7735.64415387568,9.37242310870989,29,1331.5,5
"281","ENSMUSG00000115247","STAR",1356,5138.45200239815,"HISAT2",1327,3330.95277111223,8.82525542846834,29,1341.5,NA
"282","ENSMUSG00000032491","STAR",286,65.0992532876441,"HISAT2",314,63.280773861847,4.57202324833239,-28,300,NA
"283","ENSMUSG00000101309","STAR",515,220.123467220211,"HISAT2",487,139.403838020511,5.66927862518895,28,501,NA
"284","ENSMUSG00000001036","STAR",605,134.287904937159,"HISAT2",577,130.538778035746,5.29610138284393,28,591,NA
"285","ENSMUSG00000030707","STAR",845,40023.6512252751,"HISAT2",817,38881.1547877316,10.9931302110624,28,831,NA
"286","ENSMUSG00000031176","STAR",859,700.53116196681,"HISAT2",831,696.80555166319,6.95552963005325,28,845,4
"287","ENSMUSG00000032352","STAR",958,407.871167698444,"HISAT2",930,400.077422590358,6.41002664564027,28,944,NA
"288","ENSMUSG00000016344","STAR",974,1205.77295609247,"HISAT2",1002,1124.04940053884,7.47748978888883,-28,988,NA
"289","ENSMUSG00000070407","STAR",976,785.570222458236,"HISAT2",948,780.568767722233,7.06975048673307,28,962,1
"290","ENSMUSG00000036908","STAR",1049,1223.45692129296,"HISAT2",1021,1173.95835364683,7.50132303342477,28,1035,NA
"291","ENSMUSG00000042524","STAR",1144,5755.17435082533,"HISAT2",1116,5625.79245351775,9.05579784944009,28,1130,NA
"292","ENSMUSG00000027298","STAR",1151,923.542081933804,"HISAT2",1123,901.164059243648,7.22557179734601,28,1137,NA
"293","ENSMUSG00000027763","STAR",1173,35897.1740839076,"HISAT2",1145,35066.7430443128,10.8861378765048,28,1159,NA
"294","ENSMUSG00000034902","STAR",1220,3003.33203156292,"HISAT2",1192,2951.03656687588,8.40712166635904,28,1206,NA
"295","ENSMUSG00000028657","STAR",1250,2035.74208518318,"HISAT2",1222,1979.65643588095,8.01485488265364,28,1236,NA
"296","ENSMUSG00000079547","STAR",268,84.8084982121861,"HISAT2",241,80.6166234791367,4.82924778056208,27,254.5,3
"297","ENSMUSG00000054203","STAR",470,929.13400103822,"HISAT2",443,868.515868695421,7.21773094383559,27,456.5,2
"298","ENSMUSG00000026342","STAR",507,101.554308445545,"HISAT2",480,95.9682489605148,5.00755343621903,27,493.5,NA
"299","ENSMUSG00000052684","STAR",588,607.969987082473,"HISAT2",561,604.565935299951,6.81372253311723,27,574.5,1
"300","ENSMUSG00000076461","STAR",654,653.270431594721,"HISAT2",627,591.726743605151,6.8555497827674,27,640.5,1
"301","ENSMUSG00000020841","STAR",699,2490.07737065255,"HISAT2",672,2437.56457874312,8.21847973908813,27,685.5,3
"302","ENSMUSG00000084124","STAR",797,1599.45305640971,"HISAT2",770,1391.4626170568,7.73856845257446,27,783.5,NA
"303","ENSMUSG00000100975","STAR",840,508.458673543289,"HISAT2",813,505.706873555151,6.6350434056083,27,826.5,NA
"304","ENSMUSG00000046532","STAR",939,587.638116873425,"HISAT2",912,581.175675475046,6.77790391201901,27,925.5,1
"305","ENSMUSG00000050357","STAR",981,5497.2084526961,"HISAT2",954,5241.16351063315,9.00181325424805,27,967.5,3
"306","ENSMUSG00000044864","STAR",1058,1406.07987023775,"HISAT2",1031,1396.86320195618,7.65183863899921,27,1044.5,NA
"307","ENSMUSG00000038545","STAR",1061,1369.16378523292,"HISAT2",1034,1326.90537103353,7.61707914396203,27,1047.5,NA
"308","ENSMUSG00000070605","STAR",1093,1583.69401441512,"HISAT2",1120,1459.73059755296,7.74654244587949,-27,1106.5,2
"309","ENSMUSG00000034189","STAR",1112,1358.59820114742,"HISAT2",1085,1342.61899229199,7.61574560168848,27,1098.5,4
"310","ENSMUSG00000049804","STAR",1134,850.542267098102,"HISAT2",1107,845.67481527913,7.14942980604331,27,1120.5,1
"311","ENSMUSG00000029106","STAR",1145,8757.4467457131,"HISAT2",1118,8471.51275041,9.47218166286437,27,1131.5,NA
"312","ENSMUSG00000078920","STAR",1202,10743.6737274631,"HISAT2",1175,10645.397647896,9.68448370527426,27,1188.5,9
"313","ENSMUSG00000021068","STAR",1230,4407.4811170643,"HISAT2",1203,4332.48548651715,8.79083574852339,27,1216.5,NA
"314","ENSMUSG00000032030","STAR",1321,2318.60956817788,"HISAT2",1294,2274.34498049285,8.14780406613695,27,1307.5,NA
"315","ENSMUSG00000050627","STAR",1376,1744.82832805971,"HISAT2",1349,1709.38502900799,7.86308241570419,27,1362.5,NA
"316","ENSMUSG00000022884","STAR",1407,13081.8749908764,"HISAT2",1380,12551.531471033,9.87084249009848,27,1393.5,NA
"317","ENSMUSG00000018474","STAR",1418,16514.7295996689,"HISAT2",1391,16148.6606193037,10.1100569038703,27,1404.5,NA
"318","ENSMUSG00000017781","STAR",1427,7404.27938214593,"HISAT2",1400,6878.30038742321,9.29131460649223,27,1413.5,NA
"319","ENSMUSG00000022900","STAR",90,16.1664830284648,"HISAT2",64,15.974479114447,3.18443851255448,26,77,NA
"320","ENSMUSG00000037369","STAR",550,1600.88729714476,"HISAT2",524,1534.70882117339,7.76990306331658,26,537,NA
"321","ENSMUSG00000034361","STAR",751,417.095072465912,"HISAT2",725,403.657650075275,6.42798232086712,26,738,NA
"322","ENSMUSG00000002617","STAR",832,358.656995084143,"HISAT2",806,352.658618100435,6.28224114681947,26,819,NA
"323","ENSMUSG00000044456","STAR",910,2670.3600094219,"HISAT2",884,2621.12866309996,8.28926931778879,26,897,NA
"324","ENSMUSG00000028159","STAR",954,866.556315628996,"HISAT2",928,849.932559380203,7.16357710779059,26,941,NA
"325","ENSMUSG00000033769","STAR",1003,1060.01605913423,"HISAT2",977,1041.97892337215,7.36581632918333,26,990,NA
"326","ENSMUSG00000020280","STAR",1038,1932.40033128948,"HISAT2",1012,1865.49526791526,7.96037527362575,26,1025,NA
"327","ENSMUSG00000037465","STAR",1153,721.258639286308,"HISAT2",1127,703.852791114304,6.97838617402959,26,1140,NA
"328","ENSMUSG00000032235","STAR",1188,900.833592828849,"HISAT2",1162,877.511808628579,7.20011850059605,26,1175,NA
"329","ENSMUSG00000071796","STAR",1223,11293.3239742613,"HISAT2",1197,9053.40685045855,9.66903197327277,26,1210,NA
"330","ENSMUSG00000040929","STAR",1224,613.628748225699,"HISAT2",1198,604.095592058065,6.81966318468758,26,1211,NA
"331","ENSMUSG00000020134","STAR",1227,2939.10959754228,"HISAT2",1201,2873.67222652682,8.38387793790185,26,1214,NA
"332","ENSMUSG00000032849","STAR",1240,1842.04830785334,"HISAT2",1214,1792.49840872004,7.91509166035921,26,1227,NA
"333","ENSMUSG00000019214","STAR",1279,1517.00943852082,"HISAT2",1253,1481.43172102004,7.72211308054657,26,1266,NA
"334","ENSMUSG00000030766","STAR",1282,1351.44988045031,"HISAT2",1256,1325.7952877507,7.60805061267558,26,1269,NA
"335","ENSMUSG00000054428","STAR",1367,1492.44939910507,"HISAT2",1341,1481.24693406068,7.71113388280593,26,1354,NA
"336","ENSMUSG00000032579","STAR",1370,2201.83074806129,"HISAT2",1344,2171.54304281317,8.09791378458554,26,1357,NA
"337","ENSMUSG00000021998","STAR",1413,56021.9756760886,"HISAT2",1387,53503.029334334,11.3238631241731,26,1400,NA
"338","ENSMUSG00000030769","STAR",189,28.9197098046174,"HISAT2",214,27.6332175005895,3.7550491103578,-25,201.5,NA
"339","ENSMUSG00000026536","STAR",342,1293.90856019389,"HISAT2",317,1220.4252987052,7.55177587380116,25,329.5,1
"340","ENSMUSG00000002104","STAR",351,66.8713471417866,"HISAT2",326,63.9543522694235,4.59358861047113,25,338.5,4
"341","ENSMUSG00000055320","STAR",386,486.033452832181,"HISAT2",361,477.527155021173,6.58589165751117,25,373.5,NA
"342","ENSMUSG00000073489","STAR",409,556.863319552272,"HISAT2",384,528.287319451651,6.71053161036404,25,396.5,2
"343","ENSMUSG00000068551","STAR",442,153.038448891838,"HISAT2",417,151.428488276383,5.43264147689521,25,429.5,NA
"344","ENSMUSG00000029603","STAR",535,280.782071015658,"HISAT2",510,274.894824523182,6.03603028493333,25,522.5,NA
"345","ENSMUSG00000055632","STAR",542,145.386438645102,"HISAT2",517,140.539243169544,5.37368482485468,25,529.5,NA
"346","ENSMUSG00000073427","STAR",704,274.428872598055,"HISAT2",679,263.447210992237,6.00672865090436,25,691.5,5
"347","ENSMUSG00000092203","STAR",786,1989.26702006036,"HISAT2",761,1957.40600863756,7.99563350463355,25,773.5,NA
"348","ENSMUSG00000031969","STAR",1022,676.157876542633,"HISAT2",1047,655.659023414024,6.91173473866844,-25,1034.5,NA
"349","ENSMUSG00000113431","STAR",1034,2996.0178239665,"HISAT2",1009,1991.13207782597,8.29194338923204,25,1021.5,NA
"350","ENSMUSG00000028228","STAR",1044,2351.75257642029,"HISAT2",1019,2287.05364939063,8.15916859456722,25,1031.5,3
"351","ENSMUSG00000024855","STAR",1139,2220.99724894692,"HISAT2",1114,2146.38573875643,8.09991562562491,25,1126.5,NA
"352","ENSMUSG00000026288","STAR",1146,3959.87138375723,"HISAT2",1121,3813.75253913471,8.67705569680681,25,1133.5,NA
"353","ENSMUSG00000040940","STAR",1171,21494.2586841173,"HISAT2",1146,20667.9717548378,10.3681093683166,25,1158.5,NA
"354","ENSMUSG00000049775","STAR",1181,56129.9712739154,"HISAT2",1156,55697.3179980262,11.3383176439471,25,1168.5,NA
"355","ENSMUSG00000024456","STAR",1225,7324.25034927254,"HISAT2",1200,7035.56870297225,9.29118596040165,25,1212.5,NA
"356","ENSMUSG00000038990","STAR",1243,1125.84882400538,"HISAT2",1218,1057.90034003411,7.41143482667218,25,1230.5,NA
"357","ENSMUSG00000027510","STAR",1265,5667.93418584261,"HISAT2",1240,5534.51354024714,9.04016763324975,25,1252.5,NA
"358","ENSMUSG00000038582","STAR",1309,1934.15974140604,"HISAT2",1284,1911.36780768536,7.96895767765285,25,1296.5,NA
"359","ENSMUSG00000030220","STAR",1318,17721.5057446766,"HISAT2",1293,17118.1813990347,10.1765861680866,25,1305.5,NA
"360","ENSMUSG00000048490","STAR",1338,2411.61466383287,"HISAT2",1313,2388.60696959722,8.19033170484549,25,1325.5,NA
"361","ENSMUSG00000000409","STAR",1340,17116.5105260532,"HISAT2",1315,16660.8984664082,10.1443515554816,25,1327.5,NA
"362","ENSMUSG00000037236","STAR",1350,6236.50605306672,"HISAT2",1325,6167.97449486047,9.1399708355168,25,1337.5,NA
"363","ENSMUSG00000006585","STAR",1363,4636.1011617348,"HISAT2",1338,4545.78381577739,8.84057918539428,25,1350.5,5
"364","ENSMUSG00000035203","STAR",1388,3534.45926778001,"HISAT2",1363,3392.29903180354,8.56228295251836,25,1375.5,NA
"365","ENSMUSG00000020064","STAR",1393,3296.86254564343,"HISAT2",1368,3148.36534721138,8.49106381712398,25,1380.5,11
"366","ENSMUSG00000028796","STAR",1400,4257.83174071315,"HISAT2",1375,4111.73837748587,8.75047730173956,25,1387.5,NA
"367","ENSMUSG00000037876","STAR",1414,6284.44978236775,"HISAT2",1389,6143.52383709452,9.14379575473698,25,1401.5,12
"368","ENSMUSG00000027676","STAR",294,47.2110182074233,"HISAT2",270,46.0412393403439,4.25179889152215,24,282,NA
"369","ENSMUSG00000045349","STAR",380,68.729420932938,"HISAT2",356,66.9653579665498,4.62705006524502,24,368,NA
"370","ENSMUSG00000002083","STAR",446,976.09105901114,"HISAT2",422,958.587386036672,7.2830255790335,24,434,NA
"371","ENSMUSG00000019852","STAR",450,242.615779400299,"HISAT2",426,236.559553359826,5.88858859813489,24,438,2
"372","ENSMUSG00000034792","STAR",460,138.804364589813,"HISAT2",436,136.524809270743,5.33304129789856,24,448,3
"373","ENSMUSG00000021611","STAR",500,285.449545231288,"HISAT2",476,275.838937278014,6.04824417196575,24,488,7
"374","ENSMUSG00000001270","STAR",594,1702.75250074326,"HISAT2",570,1651.19564180585,7.83532232226644,24,582,5
"375","ENSMUSG00000098112","STAR",657,6598.83627242262,"HISAT2",633,6253.7607200002,9.18252885548097,24,645,8
"376","ENSMUSG00000059482","STAR",688,272.604301834109,"HISAT2",664,262.411447002861,6.00094453304835,24,676,NA
"377","ENSMUSG00000057058","STAR",800,4485.24032200464,"HISAT2",776,4208.6060526088,8.79323933045354,24,788,NA
"378","ENSMUSG00000031246","STAR",877,3114.19020433763,"HISAT2",853,3068.02902993063,8.44423634216228,24,865,NA
"379","ENSMUSG00000096887","STAR",980,732.929767174894,"HISAT2",956,724.079472447493,6.99848179108526,24,968,1
"380","ENSMUSG00000030556","STAR",985,688.574727266048,"HISAT2",961,678.810619824489,6.93535102673929,24,973,NA
"381","ENSMUSG00000057230","STAR",1009,5850.24514584983,"HISAT2",985,5745.8903572395,9.0737403128894,24,997,NA
"382","ENSMUSG00000005102","STAR",1128,1349.17716938551,"HISAT2",1104,1286.31797368832,7.59706317703468,24,1116,NA
"383","ENSMUSG00000078853","STAR",1184,19414.5612958965,"HISAT2",1160,19192.8495714028,10.2754298676304,24,1172,3
"384","ENSMUSG00000062382","STAR",1212,8701.30504280643,"HISAT2",1188,5879.95023390892,9.36231269459904,24,1200,2
"385","ENSMUSG00000033916","STAR",1294,2107.62658156552,"HISAT2",1270,2062.64755475872,8.05164374242729,24,1282,6
"386","ENSMUSG00000036478","STAR",1314,9775.96805102978,"HISAT2",1290,9633.71395844573,9.58828525061798,24,1302,2
"387","ENSMUSG00000016534","STAR",1327,1524.86673999435,"HISAT2",1303,1488.79713059557,7.72721140403184,24,1315,NA
"388","ENSMUSG00000000184","STAR",1352,32580.6962111147,"HISAT2",1328,32115.4478024207,10.7921690348692,24,1340,NA
"389","ENSMUSG00000037321","STAR",1397,15171.3993678284,"HISAT2",1373,14475.9198406461,10.0172339759423,24,1385,NA
"390","ENSMUSG00000024858","STAR",1410,15417.1256251978,"HISAT2",1386,14942.7989488207,10.0383909766028,24,1398,NA
"391","ENSMUSG00000025328","STAR",322,56.1041102261813,"HISAT2",345,55.4315186406627,4.42867008614297,-23,333.5,2
"392","ENSMUSG00000030598","STAR",382,691.646072655764,"HISAT2",359,664.032851165815,6.93114215970842,23,370.5,NA
"393","ENSMUSG00000034330","STAR",465,299.058178957265,"HISAT2",442,278.443163414732,6.08285742945835,23,453.5,NA
"394","ENSMUSG00000034459","STAR",484,358.999933306627,"HISAT2",461,352.304785315217,6.28255142779903,23,472.5,1
"395","ENSMUSG00000040264","STAR",538,284.703602706233,"HISAT2",515,209.310874034646,5.96450189922761,23,526.5,NA
"396","ENSMUSG00000049608","STAR",648,1532.50562129193,"HISAT2",625,1483.01453499223,7.72930134218714,23,636.5,1
"397","ENSMUSG00000102442","STAR",696,240.507906751348,"HISAT2",719,228.677813822966,5.87168618553891,-23,707.5,NA
"398","ENSMUSG00000029101","STAR",726,957.885147052377,"HISAT2",703,931.395075434257,7.26093199057352,23,714.5,NA
"399","ENSMUSG00000024079","STAR",804,3070.56631273266,"HISAT2",781,2976.98187970854,8.42487113828044,23,792.5,4
"400","ENSMUSG00000045827","STAR",843,1142.03190244388,"HISAT2",820,1099.77081063075,7.43361766648916,23,831.5,NA
"401","ENSMUSG00000031642","STAR",879,808.960030456012,"HISAT2",856,793.149369755684,7.09467849466312,23,867.5,3
"402","ENSMUSG00000000555","STAR",881,366.13762264206,"HISAT2",858,354.731909844641,6.29803628899476,23,869.5,4
"403","ENSMUSG00000027002","STAR",918,422.512660293975,"HISAT2",895,408.338778211041,6.4404393137687,23,906.5,NA
"404","ENSMUSG00000031995","STAR",1071,1588.76984403618,"HISAT2",1048,1557.60104111618,7.76961954567212,23,1059.5,6
"405","ENSMUSG00000040746","STAR",1135,1577.5265994732,"HISAT2",1112,1528.46064567287,7.75865674812614,23,1123.5,NA
"406","ENSMUSG00000052040","STAR",1172,6345.43523708291,"HISAT2",1149,6276.45447059118,9.15732585738903,23,1160.5,NA
"407","ENSMUSG00000020137","STAR",1197,804.431731769063,"HISAT2",1174,794.757779452424,7.09158454984985,23,1185.5,3
"408","ENSMUSG00000016552","STAR",1210,926.091860102062,"HISAT2",1187,917.107674807727,7.23319957182029,23,1198.5,NA
"409","ENSMUSG00000062908","STAR",1255,1204.50645344376,"HISAT2",1232,1176.32058750522,7.49145959308244,23,1243.5,NA
"410","ENSMUSG00000003809","STAR",1270,1116.00298808347,"HISAT2",1247,1085.59417779107,7.41384977477867,23,1258.5,NA
"411","ENSMUSG00000057506","STAR",1280,2181.23952328207,"HISAT2",1257,2121.51596220978,8.08394493251956,23,1268.5,5
"412","ENSMUSG00000034422","STAR",1315,7888.37827504326,"HISAT2",1292,7778.66922158485,9.37396428604961,23,1303.5,NA
"413","ENSMUSG00000045962","STAR",1334,22416.9383485933,"HISAT2",1311,21998.2072251011,10.4167913618964,23,1322.5,NA
"414","ENSMUSG00000090841","STAR",1373,11689.5909782138,"HISAT2",1350,10852.5653986109,9.74776159713551,23,1361.5,15
"415","ENSMUSG00000024308","STAR",1380,10167.019113017,"HISAT2",1357,9832.80218578179,9.62135141995108,23,1368.5,NA
"416","ENSMUSG00000072731","STAR",205,48.9112075761235,"HISAT2",183,39.9278414961086,4.2322951306173,22,194,NA
"417","ENSMUSG00000000308","STAR",317,187.427992846988,"HISAT2",295,179.529118444136,5.62471239851704,22,306,NA
"418","ENSMUSG00000036306","STAR",331,86.1658937408716,"HISAT2",309,84.9938022213493,4.85719498851659,22,320,NA
"419","ENSMUSG00000048215","STAR",346,292.228157657201,"HISAT2",324,283.413947008605,6.07289505555924,22,335,NA
"420","ENSMUSG00000074794","STAR",415,689.089008906259,"HISAT2",393,681.45750409651,6.9371371344574,22,404,NA
"421","ENSMUSG00000063605","STAR",417,90.2877857148272,"HISAT2",395,89.322308603164,4.90489648479374,22,406,2
"422","ENSMUSG00000028542","STAR",464,114.964563401328,"HISAT2",486,106.781556737446,5.12607687524953,-22,475,NA
"423","ENSMUSG00000027078","STAR",468,294.253569936402,"HISAT2",446,293.024457093909,6.08851366518092,22,457,NA
"424","ENSMUSG00000086316","STAR",499,92.7944642476205,"HISAT2",477,90.398019331076,4.92720639355462,22,488,6
"425","ENSMUSG00000002980","STAR",560,282.387197291163,"HISAT2",538,276.836197478889,6.04217024696837,22,549,NA
"426","ENSMUSG00000032231","STAR",628,1168.75367255793,"HISAT2",606,1118.24017267042,7.45464689049917,22,617,NA
"427","ENSMUSG00000060131","STAR",674,510.322485669344,"HISAT2",652,494.300736147847,6.62998770009882,22,663,NA
"428","ENSMUSG00000031608","STAR",811,3378.1234946503,"HISAT2",789,3343.28904573272,8.52709758408885,22,800,NA
"429","ENSMUSG00000060600","STAR",865,1282.89248391283,"HISAT2",843,1209.73052302923,7.54314502566939,22,854,NA
"430","ENSMUSG00000044037","STAR",888,3299.49135417154,"HISAT2",866,3223.39305903911,8.49927112303317,22,877,NA
"431","ENSMUSG00000020547","STAR",898,8177.48038025114,"HISAT2",876,7735.88754702158,9.39644012852295,22,887,10
"432","ENSMUSG00000070003","STAR",940,2847.61360326553,"HISAT2",918,2749.59423274771,8.3481615045009,22,929,15
"433","ENSMUSG00000024012","STAR",941,4066.54460913813,"HISAT2",919,3946.28197159298,8.70610723575524,22,930,NA
"434","ENSMUSG00000050965","STAR",964,10029.2223965317,"HISAT2",942,9911.53998932207,9.61480447198906,22,953,NA
"435","ENSMUSG00000030641","STAR",1001,2058.69132598141,"HISAT2",979,2038.68678044519,8.03204659315393,22,990,NA
"436","ENSMUSG00000024856","STAR",1027,1912.6726081903,"HISAT2",1049,1798.79901880566,7.94167689897194,-22,1038,5
"437","ENSMUSG00000024349","STAR",1059,5912.19582926164,"HISAT2",1037,5823.46261053893,9.08522230325318,22,1048,NA
"438","ENSMUSG00000022500","STAR",1068,1325.83828785573,"HISAT2",1046,1318.22747210901,7.59335002351447,22,1057,NA
"439","ENSMUSG00000032578","STAR",1096,9534.93830901585,"HISAT2",1074,9471.12229248856,9.565949710227,22,1085,5
"440","ENSMUSG00000034118","STAR",1162,1096.82804598598,"HISAT2",1140,1079.89606662276,7.40048378078055,22,1151,NA
"441","ENSMUSG00000037788","STAR",1164,971.850576099588,"HISAT2",1142,960.987714930169,7.28093438045295,22,1153,NA
"442","ENSMUSG00000019173","STAR",1305,4846.26300478218,"HISAT2",1283,4777.96149066883,8.88671932890811,22,1294,NA
"443","ENSMUSG00000026430","STAR",1341,6641.69677237127,"HISAT2",1319,6561.74286991672,9.20256705864011,22,1330,NA
"444","ENSMUSG00000028894","STAR",1342,3375.24590890697,"HISAT2",1320,3268.74748652387,8.51911527346626,22,1331,NA
"445","ENSMUSG00000038612","STAR",1364,10561.5659653202,"HISAT2",1342,10452.3075182406,9.66698768418283,22,1353,NA
"446","ENSMUSG00000019818","STAR",1377,7780.30811313141,"HISAT2",1355,7596.89228632684,9.35692716816354,22,1366,NA
"447","ENSMUSG00000022456","STAR",77,28.3193447757526,"HISAT2",56,28.2320582216413,3.74798230418931,21,66.5,NA
"448","ENSMUSG00000026167","STAR",228,34.8906563064566,"HISAT2",249,34.43160944318,3.9532889531251,-21,238.5,NA
"449","ENSMUSG00000091568","STAR",233,102.950101609337,"HISAT2",254,102.334782737921,5.03771525293929,-21,243.5,NA
"450","ENSMUSG00000025743","STAR",419,559.095265670942,"HISAT2",398,549.541105943346,6.72607250049701,21,408.5,NA
"451","ENSMUSG00000037325","STAR",432,137.56071216721,"HISAT2",411,134.903829639342,5.32307157229947,21,421.5,NA
"452","ENSMUSG00000058216","STAR",678,687.408838546432,"HISAT2",657,664.204285646481,6.92707836128526,21,667.5,4
"453","ENSMUSG00000076499","STAR",750,527.369619346831,"HISAT2",771,475.425527796948,6.63998351854507,-21,760.5,2
"454","ENSMUSG00000038506","STAR",822,1182.10120670454,"HISAT2",801,1170.47343488914,7.47722969577223,21,811.5,NA
"455","ENSMUSG00000052142","STAR",837,8728.21694833423,"HISAT2",816,8505.31938360393,9.47123252573839,21,826.5,NA
"456","ENSMUSG00000007950","STAR",854,3434.71870522192,"HISAT2",833,3408.93968133608,8.54465047553694,21,843.5,3
"457","ENSMUSG00000071379","STAR",869,1282.09327841706,"HISAT2",890,1211.28871390099,7.54313437273098,-21,879.5,2
"458","ENSMUSG00000033684","STAR",872,1018.06074476515,"HISAT2",893,992.968643334133,7.32287038666519,-21,882.5,NA
"459","ENSMUSG00000038976","STAR",988,2860.99074783092,"HISAT2",967,2809.70434954821,8.3583950775857,21,977.5,NA
"460","ENSMUSG00000007041","STAR",1109,9205.37968616108,"HISAT2",1088,8971.07872173377,9.52448804875585,21,1098.5,2
"461","ENSMUSG00000002885","STAR",1155,2981.78085598907,"HISAT2",1134,2939.88356177726,8.40104640966349,21,1144.5,NA
"462","ENSMUSG00000024816","STAR",1178,4237.98933730136,"HISAT2",1157,4120.11389626135,8.74799475086103,21,1167.5,NA
"463","ENSMUSG00000067916","STAR",1194,1551.92817574343,"HISAT2",1215,1353.02426440036,7.70905720627225,-21,1204.5,2
"464","ENSMUSG00000048047","STAR",1246,1863.52036214677,"HISAT2",1225,1853.64100537681,7.93391904112885,21,1235.5,3
"465","ENSMUSG00000022791","STAR",1281,3244.34831082756,"HISAT2",1260,3146.75670985489,8.48005744967571,21,1270.5,NA
"466","ENSMUSG00000000751","STAR",1325,12873.6340047731,"HISAT2",1304,12243.2702367793,9.85194523362679,21,1314.5,NA
"467","ENSMUSG00000021514","STAR",1351,932.222785639942,"HISAT2",1330,898.840761382216,7.23102877006982,21,1340.5,NA
"468","ENSMUSG00000000486","STAR",1357,10567.8809829747,"HISAT2",1336,10270.7794958301,9.66162429644764,21,1346.5,NA
"469","ENSMUSG00000094840","STAR",54,10.5615184547578,"HISAT2",34,10.0508605079019,2.74643394285601,20,44,2
"470","ENSMUSG00000025037","STAR",259,226.9735187462,"HISAT2",239,216.770802004848,5.81520136051802,20,249,1
"471","ENSMUSG00000053477","STAR",309,305.118700873902,"HISAT2",329,290.37971256484,6.10993303036108,-20,319,NA
"472","ENSMUSG00000025151","STAR",400,374.411337697529,"HISAT2",380,369.948970918987,6.32683943750254,20,390,NA
"473","ENSMUSG00000035000","STAR",410,2120.04318602942,"HISAT2",390,2071.02395173172,8.05691972206157,20,400,6
"474","ENSMUSG00000060791","STAR",424,1328.13674971543,"HISAT2",404,1182.48842053468,7.55975799635876,20,414,NA
"475","ENSMUSG00000021701","STAR",459,656.610793322714,"HISAT2",439,639.887631510623,6.88403067202807,20,449,5
"476","ENSMUSG00000079563","STAR",485,1421.91212475657,"HISAT2",465,1405.49342351688,7.66136652094704,20,475,NA
"477","ENSMUSG00000038497","STAR",681,718.062113111886,"HISAT2",661,690.016917580772,6.96891676551012,20,671,9
"478","ENSMUSG00000018909","STAR",778,1364.3609464065,"HISAT2",758,1340.9339153954,7.61816652629285,20,768,NA
"479","ENSMUSG00000052384","STAR",787,1687.79957852585,"HISAT2",767,1690.63512216135,7.83720589433568,20,777,NA
"480","ENSMUSG00000042097","STAR",803,309.353274038907,"HISAT2",823,305.475187184744,6.13576155492672,-20,813,NA
"481","ENSMUSG00000051615","STAR",812,637.443104459578,"HISAT2",792,632.397832173071,6.86028836051025,20,802,NA
"482","ENSMUSG00000041135","STAR",818,897.421719909202,"HISAT2",798,872.147255612122,7.19555885483853,20,808,NA
"483","ENSMUSG00000050075","STAR",823,2474.56683937463,"HISAT2",803,2463.23301334555,8.21775787838126,20,813,1
"484","ENSMUSG00000034751","STAR",828,482.671068852408,"HISAT2",848,475.21444945584,6.57963765619249,-20,838,NA
"485","ENSMUSG00000030102","STAR",839,5132.1637170947,"HISAT2",819,4905.9432819695,8.93394573711839,20,829,NA
"486","ENSMUSG00000046157","STAR",882,2588.49123322486,"HISAT2",862,2573.80408677756,8.26240242737662,20,872,NA
"487","ENSMUSG00000049313","STAR",889,1252.83126739236,"HISAT2",869,1213.35002896602,7.5280662916199,20,879,4
"488","ENSMUSG00000042351","STAR",897,12424.8187222149,"HISAT2",877,12114.9227649995,9.82456771987446,20,887,5
"489","ENSMUSG00000055805","STAR",983,12463.4177044317,"HISAT2",963,12028.4772531692,9.82431751523839,20,973,NA
"490","ENSMUSG00000024589","STAR",993,894.682123682756,"HISAT2",973,855.510414579192,7.18723177582127,20,983,NA
"491","ENSMUSG00000021285","STAR",1020,1579.69828072591,"HISAT2",1000,1532.42486631766,7.7604289696165,20,1010,NA
"492","ENSMUSG00000057440","STAR",1074,808.805479585045,"HISAT2",1094,781.767778776946,7.08981794307753,-20,1084,14
"493","ENSMUSG00000050600","STAR",1076,1169.79803339209,"HISAT2",1056,1159.02521258649,7.46697706913082,20,1066,1
"494","ENSMUSG00000018428","STAR",1097,1296.6905716303,"HISAT2",1077,1276.74283594167,7.56789464092032,20,1087,NA
"495","ENSMUSG00000047866","STAR",1098,2781.27936761652,"HISAT2",1078,2670.46426679384,8.32276136061614,20,1088,NA
"496","ENSMUSG00000038949","STAR",1130,1684.40325481674,"HISAT2",1110,1652.7705386219,7.82835213582902,20,1120,4
"497","ENSMUSG00000021242","STAR",1157,9442.2501970773,"HISAT2",1137,9334.28355727992,9.55459595219034,20,1147,3
"498","ENSMUSG00000053137","STAR",1179,1003.77067424343,"HISAT2",1159,993.923026512266,7.31370839299575,20,1169,4
"499","ENSMUSG00000040699","STAR",1216,14308.3782028529,"HISAT2",1196,14163.4278231596,9.97068310849227,20,1206,NA
"500","ENSMUSG00000022965","STAR",1249,1149.74459879619,"HISAT2",1229,1105.41601056029,7.43982519862078,20,1239,3
"501","ENSMUSG00000046311","STAR",1254,3742.49518785483,"HISAT2",1234,3709.43155321516,8.63002371059881,20,1244,NA
"502","ENSMUSG00000045817","STAR",1311,6792.69492805409,"HISAT2",1291,6747.37840929868,9.22684188331535,20,1301,1
"503","ENSMUSG00000041961","STAR",1329,1327.95662555528,"HISAT2",1309,1310.71924149034,7.59252559452376,20,1319,NA
"504","ENSMUSG00000075706","STAR",1396,3822.85034336915,"HISAT2",1376,3340.28769367109,8.61122877566951,20,1386,NA
"505","ENSMUSG00000024013","STAR",121,21.7000861275065,"HISAT2",140,20.7257920336583,3.46770216045802,-19,130.5,NA
"506","ENSMUSG00000002059","STAR",210,45.7890220249887,"HISAT2",229,44.9351466399898,4.22327406448753,-19,219.5,NA
"507","ENSMUSG00000021913","STAR",355,97.3142976814127,"HISAT2",336,93.0380563145453,4.9686551697489,19,345.5,3
"508","ENSMUSG00000021279","STAR",391,448.407214099006,"HISAT2",372,435.649279055929,6.50163773852672,19,381.5,7
"509","ENSMUSG00000105096","STAR",401,2656.2030980968,"HISAT2",382,2551.84450855568,8.27693536081349,19,391.5,2
"510","ENSMUSG00000024486","STAR",402,120.078208186853,"HISAT2",383,118.138861031594,5.18821026310395,19,392.5,3
"511","ENSMUSG00000068463","STAR",413,178.722966656219,"HISAT2",394,174.182222787658,5.58279710969992,19,403.5,NA
"512","ENSMUSG00000097636","STAR",488,189.560790938576,"HISAT2",469,187.833959098891,5.64713370911651,19,478.5,NA
"513","ENSMUSG00000032374","STAR",512,610.241931411569,"HISAT2",493,593.285401382257,6.8100152447842,19,502.5,NA
"514","ENSMUSG00000001995","STAR",530,277.665991223155,"HISAT2",511,272.120372613381,6.02520434806652,19,520.5,4
"515","ENSMUSG00000056724","STAR",555,3444.27976332953,"HISAT2",536,3355.40447925023,8.54129675307791,19,545.5,NA
"516","ENSMUSG00000028599","STAR",559,3093.55225085909,"HISAT2",540,3054.09479210463,8.43827976935708,19,549.5,NA
"517","ENSMUSG00000019971","STAR",602,459.175096363359,"HISAT2",583,440.231938272996,6.52104970360061,19,592.5,NA
"518","ENSMUSG00000017756","STAR",672,1868.28318509917,"HISAT2",653,1815.88716258026,7.92884800647098,19,662.5,11
"519","ENSMUSG00000030774","STAR",680,272.063032076923,"HISAT2",699,254.031378627908,5.98915869414842,-19,689.5,NA
"520","ENSMUSG00000010142","STAR",826,1594.52800187438,"HISAT2",807,1580.86173049237,7.77693715668339,19,816.5,NA
"521","ENSMUSG00000060795","STAR",831,405.670231043925,"HISAT2",850,278.8017399907,6.30091624677652,-19,840.5,NA
"522","ENSMUSG00000021451","STAR",874,11486.0225910212,"HISAT2",855,11115.484844039,9.74353972744665,19,864.5,NA
"523","ENSMUSG00000020326","STAR",901,18760.4770697124,"HISAT2",882,18613.5300026149,10.2423584126949,19,891.5,2
"524","ENSMUSG00000032643","STAR",904,1028.58103318134,"HISAT2",923,990.511567945602,7.32898665515544,-19,913.5,NA
"525","ENSMUSG00000048234","STAR",951,784.692609973042,"HISAT2",932,759.450587284727,7.05997658758236,19,941.5,NA
"526","ENSMUSG00000029570","STAR",971,4692.89432541759,"HISAT2",952,4582.13129099866,8.85137136596191,19,961.5,3
"527","ENSMUSG00000030793","STAR",989,1376.64683466843,"HISAT2",970,1327.34382158577,7.620861322408,19,979.5,2
"528","ENSMUSG00000026739","STAR",1063,2201.62624265599,"HISAT2",1044,2144.46095120725,8.09372399346079,19,1053.5,NA
"529","ENSMUSG00000079523","STAR",1099,50141.0439380827,"HISAT2",1080,48291.9298542056,11.2156913683818,19,1089.5,4
"530","ENSMUSG00000030157","STAR",1103,1076.52537302728,"HISAT2",1084,1063.41178454601,7.38289026110172,19,1093.5,1
"531","ENSMUSG00000029287","STAR",1106,2196.06887005225,"HISAT2",1125,2153.4701300352,8.0934023689702,-19,1115.5,NA
"532","ENSMUSG00000002365","STAR",1110,1488.6606061816,"HISAT2",1091,1400.14504190075,7.69107817466434,19,1100.5,NA
"533","ENSMUSG00000009687","STAR",1122,6864.17890404539,"HISAT2",1141,6456.247595047,9.21952830352129,-19,1131.5,NA
"534","ENSMUSG00000020376","STAR",1125,757.406428179432,"HISAT2",1144,724.383622662903,7.0207251852132,-19,1134.5,NA
"535","ENSMUSG00000052102","STAR",1185,1867.29544742924,"HISAT2",1166,1811.05855255408,7.92762183543424,19,1175.5,NA
"536","ENSMUSG00000038172","STAR",1214,4741.73496378661,"HISAT2",1195,4609.54250635164,8.86028720090783,19,1204.5,NA
"537","ENSMUSG00000000078","STAR",1260,3297.02639877789,"HISAT2",1241,3245.32921442703,8.50100100385384,19,1250.5,3
"538","ENSMUSG00000055723","STAR",1291,4343.98675724845,"HISAT2",1272,4255.6466952206,8.77521111727863,19,1281.5,2
"539","ENSMUSG00000027649","STAR",1317,2636.34491989737,"HISAT2",1298,2487.00884810705,8.26355160298482,19,1307.5,NA
"540","ENSMUSG00000044167","STAR",1343,5554.79053849295,"HISAT2",1324,5492.40521349737,9.02413044267968,19,1333.5,1
"541","ENSMUSG00000022982","STAR",1358,7383.27880465163,"HISAT2",1377,6113.60808668852,9.25340779703693,-19,1367.5,NA
"542","ENSMUSG00000056394","STAR",1359,15013.894068192,"HISAT2",1340,14122.4519409834,10.0022064632233,19,1349.5,NA
"543","ENSMUSG00000021365","STAR",1375,2853.74828585733,"HISAT2",1356,2808.24939661906,8.35652501508057,19,1365.5,NA
"544","ENSMUSG00000029622","STAR",1417,11935.9765293635,"HISAT2",1398,11163.4556516851,9.77096732595122,19,1407.5,NA
"545","ENSMUSG00000041827","STAR",159,32.9566740219625,"HISAT2",177,32.1608023759831,3.89257664894305,-18,168,NA
"546","ENSMUSG00000046280","STAR",453,551.293749509735,"HISAT2",435,542.547662794105,6.71243064450036,18,444,2
"547","ENSMUSG00000060002","STAR",501,220.170474901359,"HISAT2",483,215.898568122596,5.79337866053309,18,492,NA
"548","ENSMUSG00000029752","STAR",522,749.055095518374,"HISAT2",504,725.057704123833,7.0135412569403,18,513,NA
"549","ENSMUSG00000031933","STAR",534,6139.09589005783,"HISAT2",516,6055.91757193454,9.12337132238438,18,525,NA
"550","ENSMUSG00000025171","STAR",551,330.693052179902,"HISAT2",533,321.917233648827,6.19777047592053,18,542,2
"551","ENSMUSG00000037126","STAR",577,495.20524925251,"HISAT2",559,487.600888561579,6.60530562529376,18,568,NA
"552","ENSMUSG00000026113","STAR",587,970.027763967399,"HISAT2",569,939.723360129591,7.27232161464505,18,578,NA
"553","ENSMUSG00000024805","STAR",619,4496.33940460682,"HISAT2",601,4437.30612529736,8.81209798717793,18,610,NA
"554","ENSMUSG00000061186","STAR",642,802.35907280858,"HISAT2",624,782.527434719249,7.0847483229068,18,633,NA
"555","ENSMUSG00000037692","STAR",650,679.855788676983,"HISAT2",632,664.472929237076,6.91977500507557,18,641,NA
"556","ENSMUSG00000102918","STAR",655,151.263027283743,"HISAT2",637,151.318346941397,5.42460723078275,18,646,3
"557","ENSMUSG00000031827","STAR",702,13339.7584995355,"HISAT2",684,12862.0517341766,9.89196058996661,18,693,NA
"558","ENSMUSG00000032740","STAR",738,419.885462876433,"HISAT2",720,407.755969057192,6.43577120579932,18,729,NA
"559","ENSMUSG00000031328","STAR",848,27076.3708932236,"HISAT2",830,26350.4446120394,10.6029048646532,18,839,NA
"560","ENSMUSG00000027347","STAR",853,13420.2507327009,"HISAT2",835,13219.7259373875,9.90499210519865,18,844,NA
"561","ENSMUSG00000035697","STAR",912,14896.823865675,"HISAT2",894,14403.4552599192,10.0032673421738,18,903,NA
"562","ENSMUSG00000069206","STAR",956,622.069148182028,"HISAT2",938,612.347926665129,6.83329367209197,18,947,NA
"563","ENSMUSG00000025572","STAR",1000,1887.95783104652,"HISAT2",982,1834.13544048315,7.93916792710893,18,991,NA
"564","ENSMUSG00000024962","STAR",1013,541.956779721547,"HISAT2",995,524.97199006573,6.69014983245986,18,1004,NA
"565","ENSMUSG00000068040","STAR",1050,2591.77202886228,"HISAT2",1032,2521.92191764879,8.25653804237708,18,1041,NA
"566","ENSMUSG00000009030","STAR",1069,1373.206435439,"HISAT2",1051,1350.06590559549,7.62473586811591,18,1060,NA
"567","ENSMUSG00000037944","STAR",1123,13064.0204729095,"HISAT2",1105,13000.252381109,9.88145391823021,18,1114,1
"568","ENSMUSG00000026655","STAR",1196,7869.60874900003,"HISAT2",1178,7736.2440294034,9.37056378370253,18,1187,NA
"569","ENSMUSG00000029722","STAR",1207,1433.1442476969,"HISAT2",1189,1396.96508408453,7.6646407182453,18,1198,NA
"570","ENSMUSG00000037172","STAR",1244,1705.34755028078,"HISAT2",1226,1695.9671726739,7.84515411373367,18,1235,NA
"571","ENSMUSG00000022390","STAR",1299,3658.35711646798,"HISAT2",1281,3557.61238337194,8.60101275314029,18,1290,NA
"572","ENSMUSG00000021182","STAR",1326,4945.68803813943,"HISAT2",1308,4878.47337635632,8.90719600213325,18,1317,NA
"573","ENSMUSG00000020783","STAR",1336,3466.69503667235,"HISAT2",1318,3345.75517456786,8.54472520790208,18,1327,NA
"574","ENSMUSG00000026193","STAR",41,50.2689577470084,"HISAT2",58,51.0279990214821,4.32787342908014,-17,49.5,NA
"575","ENSMUSG00000056220","STAR",68,15.6908605767477,"HISAT2",85,15.0238015219298,3.14427129476683,-17,76.5,NA
"576","ENSMUSG00000017446","STAR",130,56.0225835484736,"HISAT2",113,53.5077687271718,4.41614381703698,17,121.5,NA
"577","ENSMUSG00000075225","STAR",191,33.7310160918391,"HISAT2",174,33.0965200681139,3.91759298675875,17,182.5,NA
"578","ENSMUSG00000034353","STAR",369,134.795736574991,"HISAT2",352,132.207407799159,5.30280448672279,17,360.5,NA
"579","ENSMUSG00000033316","STAR",374,59.3349295945775,"HISAT2",391,57.3501450232648,4.4774504683172,-17,382.5,NA
"580","ENSMUSG00000015950","STAR",471,2585.90735078336,"HISAT2",454,2543.56416284939,8.25782369053853,17,462.5,NA
"581","ENSMUSG00000031389","STAR",477,2703.50657371191,"HISAT2",460,2565.57321826992,8.29061705121558,17,468.5,NA
"582","ENSMUSG00000020577","STAR",483,6489.52738133265,"HISAT2",466,6394.6323300826,9.17852390841064,17,474.5,NA
"583","ENSMUSG00000023045","STAR",511,89.5985004634436,"HISAT2",494,84.4316422397773,4.88139427764721,17,502.5,NA
"584","ENSMUSG00000020401","STAR",519,460.080289927879,"HISAT2",502,453.279451984058,6.53192666318481,17,510.5,2
"585","ENSMUSG00000030203","STAR",609,436.813125127966,"HISAT2",592,431.66442500241,6.48103385405562,17,600.5,NA
"586","ENSMUSG00000055044","STAR",612,3435.80545581854,"HISAT2",595,3319.32231685451,8.53610652423979,17,603.5,NA
"587","ENSMUSG00000019996","STAR",664,945.416591377859,"HISAT2",647,926.824126449043,7.25051389669859,17,655.5,NA
"588","ENSMUSG00000082192","STAR",715,414.41416563001,"HISAT2",698,314.179719752879,6.34827152696587,17,706.5,NA
"589","ENSMUSG00000018983","STAR",767,3949.93966281486,"HISAT2",750,3871.20383944502,8.68025404307902,17,758.5,2
"590","ENSMUSG00000021458","STAR",783,1138.97620543868,"HISAT2",766,1100.15443999657,7.43192354770894,17,774.5,NA
"591","ENSMUSG00000028337","STAR",808,6715.96611845019,"HISAT2",791,6556.42389825277,9.20975800919355,17,799.5,NA
"592","ENSMUSG00000035967","STAR",813,1581.57831285458,"HISAT2",796,1539.34850550852,7.76270347178268,17,804.5,NA
"593","ENSMUSG00000022474","STAR",841,1196.71157820282,"HISAT2",824,1175.19647282759,7.48678696096399,17,832.5,NA
"594","ENSMUSG00000027339","STAR",891,4256.03483012267,"HISAT2",874,4183.93195298989,8.75589520871271,17,882.5,NA
"595","ENSMUSG00000015889","STAR",920,7370.34878098983,"HISAT2",903,7036.95195339288,9.29549229069891,17,911.5,8
"596","ENSMUSG00000074578","STAR",922,3050.06796489844,"HISAT2",905,2923.51611313807,8.41445723336255,17,913.5,NA
"597","ENSMUSG00000064339","STAR",970,44629.3119607201,"HISAT2",953,44286.3636522886,11.1090465050666,17,961.5,NA
"598","ENSMUSG00000004661","STAR",979,773.595502362661,"HISAT2",962,755.088837353844,7.0485079660942,17,970.5,NA
"599","ENSMUSG00000053641","STAR",1082,2348.35144879418,"HISAT2",1065,2288.43358289557,8.15839263002168,17,1073.5,9
"600","ENSMUSG00000024063","STAR",1226,4081.42375435135,"HISAT2",1209,4011.64731068965,8.71395127325625,17,1217.5,NA
"601","ENSMUSG00000028334","STAR",1354,3504.03955731592,"HISAT2",1337,3448.44055320848,8.56183377395288,17,1345.5,NA
"602","ENSMUSG00000028702","STAR",1387,2596.75738451283,"HISAT2",1370,2519.64734912224,8.25753633397177,17,1378.5,NA
"603","ENSMUSG00000116957","STAR",96,33.5700236434866,"HISAT2",80,28.9345462550489,3.87197772524992,16,88,NA
"604","ENSMUSG00000031258","STAR",160,78.4536086876792,"HISAT2",176,78.5141015812886,4.76822957497707,-16,168,2
"605","ENSMUSG00000000673","STAR",241,28.8537805531599,"HISAT2",225,27.1678545175946,3.74803730220135,16,233,6
"606","ENSMUSG00000017652","STAR",253,34.9213541109429,"HISAT2",237,33.602141373758,3.94589143597989,16,245,NA
"607","ENSMUSG00000091272","STAR",284,63.3303342623414,"HISAT2",268,63.0034049675837,4.55210729253205,16,276,NA
"608","ENSMUSG00000027456","STAR",314,184.998087729386,"HISAT2",298,177.781185288809,5.61272174782755,16,306,1
"609","ENSMUSG00000096003","STAR",327,86.1534858816434,"HISAT2",311,83.3439993672323,4.85066593963094,16,319,2
"610","ENSMUSG00000103175","STAR",332,371.828276567285,"HISAT2",316,356.320267099609,6.30989720549011,16,324,NA
"611","ENSMUSG00000015745","STAR",405,155.167726174577,"HISAT2",389,148.956706288801,5.43653933820707,16,397,5
"612","ENSMUSG00000036452","STAR",441,402.190389081407,"HISAT2",425,388.789186845458,6.39122169996386,16,433,NA
"613","ENSMUSG00000056367","STAR",473,79.2235147854081,"HISAT2",457,76.832930987629,4.76762894604911,16,465,NA
"614","ENSMUSG00000062661","STAR",494,307.049425048577,"HISAT2",478,299.476225901504,6.12421837688238,16,486,2
"615","ENSMUSG00000033900","STAR",528,270.193636896431,"HISAT2",544,265.452723509323,5.99873802772665,-16,536,NA
"616","ENSMUSG00000018340","STAR",545,15121.4598653195,"HISAT2",529,14306.9375982841,10.0112170498406,16,537,NA
"617","ENSMUSG00000037295","STAR",548,1323.79315097366,"HISAT2",532,1311.38375541131,7.59059200333462,16,540,3
"618","ENSMUSG00000035239","STAR",580,680.142444204002,"HISAT2",564,675.563055917089,6.92552051078767,16,572,1
"619","ENSMUSG00000022799","STAR",633,1918.03333998826,"HISAT2",617,1897.31163325907,7.96091303887451,16,625,3
"620","ENSMUSG00000040596","STAR",637,883.932764773818,"HISAT2",621,876.797370229216,7.18715170751077,16,629,NA
"621","ENSMUSG00000021375","STAR",646,449.004861609895,"HISAT2",630,435.392938469781,6.50234216578939,16,638,NA
"622","ENSMUSG00000023008","STAR",743,2195.56814712916,"HISAT2",727,2147.04238256505,8.09226673532346,16,735,NA
"623","ENSMUSG00000015932","STAR",766,971.568785245656,"HISAT2",782,927.849096074415,7.2692638553726,-16,774,1
"624","ENSMUSG00000046841","STAR",771,251.563318273616,"HISAT2",755,248.674051103707,5.92932406524242,16,763,2
"625","ENSMUSG00000038127","STAR",795,9738.77316698925,"HISAT2",779,9523.07314406113,9.58192528949223,16,787,NA
"626","ENSMUSG00000041571","STAR",810,2780.33411911836,"HISAT2",794,2604.4089621195,8.31447427983436,16,802,1
"627","ENSMUSG00000040918","STAR",929,1514.76184065891,"HISAT2",913,1487.08946776483,7.722370508098,16,921,NA
"628","ENSMUSG00000028161","STAR",930,1528.86585791863,"HISAT2",914,1474.63619355214,7.72585261865254,16,922,NA
"629","ENSMUSG00000024944","STAR",962,472.013620692672,"HISAT2",946,466.845984845968,6.55881692050326,16,954,5
"630","ENSMUSG00000022565","STAR",1017,7502.00819141468,"HISAT2",1001,7395.72871002531,9.32365767743516,16,1009,NA
"631","ENSMUSG00000038366","STAR",1079,7396.25008884774,"HISAT2",1063,7085.92380111088,9.30010904316258,16,1071,NA
"632","ENSMUSG00000030403","STAR",1174,8170.2017483588,"HISAT2",1158,7866.07557615628,9.40122842603552,16,1166,4
"633","ENSMUSG00000003382","STAR",1218,2548.2332383413,"HISAT2",1202,2530.62962068598,8.24631528115368,16,1210,NA
"634","ENSMUSG00000032515","STAR",1264,2525.23723063496,"HISAT2",1248,2505.12899382489,8.23689756588689,16,1256,5
"635","ENSMUSG00000039989","STAR",1268,2382.84588930693,"HISAT2",1252,2365.05355430556,8.17902386215633,16,1260,2
"636","ENSMUSG00000028581","STAR",1283,52943.9156494142,"HISAT2",1267,39472.9362614561,11.1938268029054,16,1275,NA
"637","ENSMUSG00000023307","STAR",1323,1989.08056295553,"HISAT2",1307,1849.6868846171,7.97725590723323,16,1315,4
"638","ENSMUSG00000050697","STAR",1345,1986.2904200764,"HISAT2",1329,1936.11458190043,7.99103316470403,16,1337,2
"639","ENSMUSG00000022881","STAR",1355,2136.78243268312,"HISAT2",1339,1941.3354205439,8.04155777915481,16,1347,NA
"640","ENSMUSG00000028836","STAR",181,39.3364737181746,"HISAT2",166,38.8087067442073,4.07313500620043,15,173.5,NA
"641","ENSMUSG00000015533","STAR",230,63.8251271983326,"HISAT2",215,62.9851896154254,4.55721575356106,15,222.5,2
"642","ENSMUSG00000020303","STAR",265,66.1311376603354,"HISAT2",280,65.1766371925448,4.59228205220641,-15,272.5,5
"643","ENSMUSG00000072966","STAR",302,64.2488328149706,"HISAT2",287,63.4513455902709,4.5640825896374,15,294.5,NA
"644","ENSMUSG00000028766","STAR",328,171.908909246985,"HISAT2",343,167.972051215925,5.54476694951517,-15,335.5,NA
"645","ENSMUSG00000026796","STAR",340,53.215781278962,"HISAT2",355,50.3429766881161,4.36166153691435,-15,347.5,NA
"646","ENSMUSG00000020882","STAR",394,161.911757019363,"HISAT2",379,157.810951587435,5.4840382757124,15,386.5,NA
"647","ENSMUSG00000021384","STAR",436,560.989312624424,"HISAT2",421,545.662346717572,6.72601813456585,15,428.5,NA
"648","ENSMUSG00000025915","STAR",518,1010.2571943214,"HISAT2",503,969.328017291508,7.30982877739034,15,510.5,NA
"649","ENSMUSG00000024892","STAR",527,619.909114596412,"HISAT2",512,593.643882147001,6.82081414207461,15,519.5,NA
"650","ENSMUSG00000030589","STAR",536,735.602111314499,"HISAT2",521,707.221466090589,6.99321055320142,15,528.5,NA
"651","ENSMUSG00000042363","STAR",563,313.119753215536,"HISAT2",548,311.095483548814,6.1498935511048,15,555.5,NA
"652","ENSMUSG00000018199","STAR",581,201.806261957928,"HISAT2",566,200.667340963681,5.71089026250984,15,573.5,2
"653","ENSMUSG00000046879","STAR",620,5004.36815775503,"HISAT2",605,4957.76289318443,8.92042241571104,15,612.5,7
"654","ENSMUSG00000075033","STAR",625,2301.16143080476,"HISAT2",610,2264.66462253776,8.14133360545055,15,617.5,1
"655","ENSMUSG00000071757","STAR",626,1213.23223748538,"HISAT2",611,1200.2284976019,7.5029293046223,15,618.5,NA
"656","ENSMUSG00000030268","STAR",641,2409.64549178959,"HISAT2",626,2330.80234718774,8.18173350829703,15,633.5,NA
"657","ENSMUSG00000034833","STAR",673,909.87013131356,"HISAT2",658,884.076049589738,7.20927232242297,15,665.5,NA
"658","ENSMUSG00000042082","STAR",684,957.710246250306,"HISAT2",669,938.387248349022,7.26326225040381,15,676.5,2
"659","ENSMUSG00000032528","STAR",744,696.875360446604,"HISAT2",729,681.819162952506,6.94484385721463,15,736.5,5
"660","ENSMUSG00000026944","STAR",760,3650.35751354539,"HISAT2",745,3534.82057426878,8.59743916470926,15,752.5,NA
"661","ENSMUSG00000044328","STAR",784,346.613435465523,"HISAT2",769,343.077159274651,6.25026866465643,15,776.5,NA
"662","ENSMUSG00000025809","STAR",799,6640.30517959476,"HISAT2",784,6474.51412357345,9.19802102359513,15,791.5,NA
"663","ENSMUSG00000024913","STAR",844,1084.25489089891,"HISAT2",829,1046.50517898178,7.38244010953162,15,836.5,NA
"664","ENSMUSG00000028033","STAR",849,853.498438874269,"HISAT2",864,830.826715825038,7.14591495922055,-15,856.5,NA
"665","ENSMUSG00000030047","STAR",861,1465.02044250432,"HISAT2",846,1434.38327458251,7.68809435680992,15,853.5,NA
"666","ENSMUSG00000046873","STAR",878,950.720154379378,"HISAT2",863,934.589784155906,7.25701331807762,15,870.5,NA
"667","ENSMUSG00000037071","STAR",950,7217.62334835711,"HISAT2",935,7093.489410851,9.28399670429294,15,942.5,3
"668","ENSMUSG00000024670","STAR",959,10856.1639145922,"HISAT2",944,10560.8357926431,9.68884413568418,15,951.5,NA
"669","ENSMUSG00000020716","STAR",968,1130.20098083401,"HISAT2",983,1090.76939099999,7.42391804065606,-15,975.5,NA
"670","ENSMUSG00000034595","STAR",1002,5616.4781559426,"HISAT2",987,5519.67008047491,9.03316314394539,15,994.5,NA
"671","ENSMUSG00000079685","STAR",1035,2536.98147432101,"HISAT2",1020,2520.3547007786,8.24200838835628,15,1027.5,5
"672","ENSMUSG00000027333","STAR",1060,535.696184768996,"HISAT2",1075,509.385398042465,6.67252508230418,-15,1067.5,NA
"673","ENSMUSG00000001211","STAR",1070,10024.3270132231,"HISAT2",1055,9798.95920326581,9.61071297626031,15,1062.5,NA
"674","ENSMUSG00000035064","STAR",1121,632.357854630878,"HISAT2",1106,603.137695594517,6.83939795809169,15,1113.5,NA
"675","ENSMUSG00000031103","STAR",1163,5680.9766163277,"HISAT2",1148,5638.55458739235,9.04785131379977,15,1155.5,NA
"676","ENSMUSG00000019979","STAR",1192,3349.69654658769,"HISAT2",1177,3259.78917914571,8.51310306547563,15,1184.5,NA
"677","ENSMUSG00000004665","STAR",1195,12125.1742599122,"HISAT2",1180,11878.2122053872,9.80169180678527,15,1187.5,NA
"678","ENSMUSG00000036053","STAR",73,67.8083992749598,"HISAT2",87,64.7614702352904,4.60705974357525,-14,80,NA
"679","ENSMUSG00000086049","STAR",120,49.4869537420799,"HISAT2",134,47.6245894425136,4.29455035595242,-14,127,NA
"680","ENSMUSG00000039851","STAR",172,31.82394344921,"HISAT2",158,31.31460460708,3.86033480681829,14,165,NA
"681","ENSMUSG00000035860","STAR",173,84.7369941657021,"HISAT2",159,82.0120079068296,4.83424012646831,14,166,4
"682","ENSMUSG00000021338","STAR",214,89.656797585286,"HISAT2",200,85.7366951531063,4.88677240222765,14,207,NA
"683","ENSMUSG00000026825","STAR",218,64.9018166713506,"HISAT2",204,61.27878448692,4.5595576613757,14,211,NA
"684","ENSMUSG00000034573","STAR",222,190.219406309008,"HISAT2",236,178.722293239735,5.63329045475358,-14,229,NA
"685","ENSMUSG00000114869","STAR",249,34.3465014461065,"HISAT2",263,34.0225708149041,3.93881656759576,-14,256,NA
"686","ENSMUSG00000030792","STAR",288,50.1309654687549,"HISAT2",302,48.6287049801462,4.31006486875525,-14,295,4
"687","ENSMUSG00000023341","STAR",290,98.2221319702045,"HISAT2",304,95.9283928176058,4.98488202980357,-14,297,NA
"688","ENSMUSG00000031297","STAR",372,92.7112353196746,"HISAT2",358,91.4448603267032,4.93039126131337,14,365,NA
"689","ENSMUSG00000079037","STAR",381,573.206639961838,"HISAT2",367,570.28678501551,6.75501197954486,14,374,2
"690","ENSMUSG00000046949","STAR",385,398.055027455909,"HISAT2",371,386.905939891869,6.38267520387115,14,378,NA
"691","ENSMUSG00000019838","STAR",426,416.023546503771,"HISAT2",412,412.643822206192,6.43349533664453,14,419,NA
"692","ENSMUSG00000035863","STAR",429,220.083583053324,"HISAT2",415,216.633548875163,5.79423346616143,14,422,NA
"693","ENSMUSG00000015222","STAR",482,99.7289089236013,"HISAT2",468,94.5812768861272,4.99056555322174,14,475,NA
"694","ENSMUSG00000022768","STAR",486,226.641941864892,"HISAT2",472,224.223723553494,5.82527360059327,14,479,NA
"695","ENSMUSG00000028439","STAR",496,225.644206281913,"HISAT2",482,225.614479901908,5.82438064405191,14,489,NA
"696","ENSMUSG00000039033","STAR",502,1194.8674030466,"HISAT2",488,1161.10501600618,7.4817922435368,14,495,NA
"697","ENSMUSG00000052302","STAR",503,376.258696215454,"HISAT2",489,371.967246501284,6.33193293039236,14,496,5
"698","ENSMUSG00000115681","STAR",532,819.723418924127,"HISAT2",518,796.392724517604,7.10489958500315,14,525,NA
"699","ENSMUSG00000022436","STAR",544,1383.3417621514,"HISAT2",530,1370.80091861262,7.63469607909786,14,537,NA
"700","ENSMUSG00000020573","STAR",565,2470.08661572179,"HISAT2",551,2445.66211681823,8.21417212219436,14,558,NA
"701","ENSMUSG00000053617","STAR",576,759.033033533106,"HISAT2",562,748.808346783467,7.03301007090522,14,569,NA
"702","ENSMUSG00000102813","STAR",601,422.824764449993,"HISAT2",587,418.985155172865,6.44939139160041,14,594,NA
"703","ENSMUSG00000020424","STAR",604,411.622663830002,"HISAT2",590,396.817330402644,6.41351031491627,14,597,1
"704","ENSMUSG00000039431","STAR",616,152.983685249456,"HISAT2",602,150.662837322958,5.43072670952056,14,609,NA
"705","ENSMUSG00000020601","STAR",617,4173.03313482268,"HISAT2",603,4124.38751638904,8.73797024767131,14,610,4
"706","ENSMUSG00000030123","STAR",622,1268.13026770852,"HISAT2",608,1237.60730054012,7.54270852513615,14,615,NA
"707","ENSMUSG00000030844","STAR",709,2130.50461735178,"HISAT2",695,2084.84886510037,8.06241043076023,14,702,NA
"708","ENSMUSG00000042312","STAR",720,823.343355501038,"HISAT2",734,786.226173417768,7.10369735575427,-14,727,NA
"709","ENSMUSG00000045005","STAR",730,210.686112255531,"HISAT2",716,209.746305862907,5.75434650962418,14,723,2
"710","ENSMUSG00000029772","STAR",731,8958.57002140214,"HISAT2",717,8692.52074118034,9.49588243564112,14,724,NA
"711","ENSMUSG00000054499","STAR",763,1115.73335030937,"HISAT2",749,1106.20907435032,7.41988278741912,14,756,4
"712","ENSMUSG00000023206","STAR",773,422.313838619549,"HISAT2",759,402.468303151315,6.43542573119615,14,766,NA
"713","ENSMUSG00000020178","STAR",777,415.974347386606,"HISAT2",763,411.13833830867,6.43220592706907,14,770,4
"714","ENSMUSG00000062373","STAR",835,956.278312334331,"HISAT2",821,947.122439428929,7.26531750160685,14,828,2
"715","ENSMUSG00000027712","STAR",851,2231.06764399144,"HISAT2",865,2146.2574303771,8.10294856361948,-14,858,NA
"716","ENSMUSG00000056145","STAR",852,2140.70401854738,"HISAT2",838,2117.69675650301,8.07076620300391,14,845,NA
"717","ENSMUSG00000031137","STAR",905,706.261391408547,"HISAT2",891,702.349099148094,6.96360233318265,14,898,NA
"718","ENSMUSG00000036918","STAR",995,4268.06349771558,"HISAT2",981,4141.29691630938,8.75443086525651,14,988,NA
"719","ENSMUSG00000078185","STAR",1030,633.916301436803,"HISAT2",1016,630.814281607901,6.85574956482151,14,1023,5
"720","ENSMUSG00000039852","STAR",1037,4560.88728519659,"HISAT2",1023,4454.39042679006,8.82292377987361,14,1030,NA
"721","ENSMUSG00000045659","STAR",1054,872.486873274044,"HISAT2",1040,846.900494064061,7.16698935745282,14,1047,NA
"722","ENSMUSG00000030798","STAR",1072,2746.5491005086,"HISAT2",1058,2673.82745021106,8.31470063919723,14,1065,NA
"723","ENSMUSG00000033161","STAR",1078,41583.3922848779,"HISAT2",1064,40121.2964951364,11.0291318377796,14,1071,NA
"724","ENSMUSG00000027244","STAR",1087,1910.19498949537,"HISAT2",1073,1841.4224235396,7.94835215184141,14,1080,NA
"725","ENSMUSG00000027010","STAR",1131,3246.3984539858,"HISAT2",1117,3156.31691749922,8.48147417799888,14,1124,NA
"726","ENSMUSG00000028521","STAR",1147,924.225441052607,"HISAT2",1133,915.073856664127,7.23111504264339,14,1140,NA
"727","ENSMUSG00000049109","STAR",1150,5196.94430508406,"HISAT2",1136,5086.5448240132,8.95418496581591,14,1143,NA
"728","ENSMUSG00000039158","STAR",1251,8745.84814629348,"HISAT2",1237,8539.1617326094,9.47389077982034,14,1244,NA
"729","ENSMUSG00000027630","STAR",1285,2868.99981654715,"HISAT2",1271,2795.73415403967,8.35863508831827,14,1278,NA
"730","ENSMUSG00000024101","STAR",1300,1554.6506539118,"HISAT2",1286,1517.05158740455,7.74637694449873,14,1293,NA
"731","ENSMUSG00000034064","STAR",1319,1289.33861621072,"HISAT2",1305,1259.74216640742,7.55966876539685,14,1312,NA
"732","ENSMUSG00000053332","STAR",1320,11232.5426896894,"HISAT2",1306,10695.135035329,9.71595907567285,14,1313,NA
"733","ENSMUSG00000097195","STAR",1328,1961.38146786807,"HISAT2",1314,1915.73822377281,7.97908221155287,14,1321,NA
"734","ENSMUSG00000111942","STAR",1385,3444.497811942,"HISAT2",1399,2691.02471423212,8.47428781337934,-14,1392,NA
"735","ENSMUSG00000061086","STAR",303,91.1686039364384,"HISAT2",290,87.5095774843888,4.90470715573138,13,296.5,NA
"736","ENSMUSG00000027555","STAR",321,54.0918526496743,"HISAT2",308,52.7709215220938,4.38797532372069,13,314.5,1
"737","ENSMUSG00000029923","STAR",398,335.114787403647,"HISAT2",385,325.284236675078,6.21011181676305,13,391.5,1
"738","ENSMUSG00000002489","STAR",418,2618.99717208735,"HISAT2",405,2545.57058393874,8.26662254864431,13,411.5,NA
"739","ENSMUSG00000028270","STAR",420,15896.0119400893,"HISAT2",407,15303.5676207762,10.0667874963581,13,413.5,NA
"740","ENSMUSG00000001348","STAR",422,992.870453435137,"HISAT2",409,977.762948046986,7.30098040146591,13,415.5,NA
"741","ENSMUSG00000049907","STAR",451,73.6660644793423,"HISAT2",438,72.8692674919355,4.70139538544613,13,444.5,3
"742","ENSMUSG00000053080","STAR",462,262.330132067873,"HISAT2",449,259.02440749246,5.97085955432866,13,455.5,NA
"743","ENSMUSG00000061436","STAR",469,2675.48932214186,"HISAT2",456,2616.82874258267,8.29001744507727,13,462.5,NA
"744","ENSMUSG00000026728","STAR",520,35468.2083271773,"HISAT2",507,34297.3660406138,10.8707924754543,13,513.5,6
"745","ENSMUSG00000005973","STAR",533,1447.12955799196,"HISAT2",520,1427.40287522487,7.67824814687959,13,526.5,2
"746","ENSMUSG00000026896","STAR",541,931.932256227331,"HISAT2",528,910.83429452385,7.23515030170415,13,534.5,NA
"747","ENSMUSG00000032020","STAR",556,816.120523784412,"HISAT2",543,797.455137882419,7.1023743213949,13,549.5,NA
"748","ENSMUSG00000019823","STAR",567,2413.54800122585,"HISAT2",554,2314.91298617252,8.18060220615207,13,560.5,NA
"749","ENSMUSG00000022102","STAR",573,1548.29374794223,"HISAT2",560,1513.84669560697,7.74293013570095,13,566.5,NA
"750","ENSMUSG00000050147","STAR",589,323.544834426559,"HISAT2",576,321.94797062627,6.18315627420841,13,582.5,2
"751","ENSMUSG00000113585","STAR",591,191.952208411846,"HISAT2",604,187.459905862133,5.65487986886564,-13,597.5,NA
"752","ENSMUSG00000038893","STAR",610,1199.85455992118,"HISAT2",597,1184.39420398724,7.49111642231285,13,603.5,NA
"753","ENSMUSG00000107211","STAR",618,1407.21110894149,"HISAT2",631,892.606284336829,7.52483871131759,-13,624.5,NA
"754","ENSMUSG00000023048","STAR",721,2168.11270816451,"HISAT2",708,2131.61574670473,8.08145048248143,13,714.5,NA
"755","ENSMUSG00000022641","STAR",739,2229.82688117091,"HISAT2",726,2189.46530412857,8.10909247310741,13,732.5,NA
"756","ENSMUSG00000032688","STAR",817,6234.51486999451,"HISAT2",804,6078.56935890992,9.13494845046824,13,810.5,13
"757","ENSMUSG00000059895","STAR",855,9489.00873810933,"HISAT2",842,9306.61637797224,9.55692678225783,13,848.5,NA
"758","ENSMUSG00000053644","STAR",862,802.428719488758,"HISAT2",849,771.92524984006,7.08035586016306,13,855.5,NA
"759","ENSMUSG00000030341","STAR",883,816.343951336589,"HISAT2",870,791.58576085408,7.10014005775156,13,876.5,NA
"760","ENSMUSG00000026104","STAR",900,7088.2299438212,"HISAT2",887,6808.98269690042,9.25843708550442,13,893.5,NA
"761","ENSMUSG00000001588","STAR",911,5842.76726689853,"HISAT2",898,5700.14140492622,9.07025474369698,13,904.5,NA
"762","ENSMUSG00000041390","STAR",921,1581.31989285425,"HISAT2",908,1542.56276872553,7.76327692142214,13,914.5,NA
"763","ENSMUSG00000059248","STAR",942,16627.7123090276,"HISAT2",929,16385.4347639315,10.119422370897,13,935.5,NA
"764","ENSMUSG00000043004","STAR",944,1729.54403069604,"HISAT2",931,1698.59103795494,7.85509478978292,13,937.5,NA
"765","ENSMUSG00000025324","STAR",987,3432.54791724802,"HISAT2",974,3280.92955785254,8.53169014025906,13,980.5,2
"766","ENSMUSG00000028127","STAR",1026,1221.12880803476,"HISAT2",1013,1190.87002621207,7.50470198517057,13,1019.5,NA
"767","ENSMUSG00000034108","STAR",1080,816.302540618279,"HISAT2",1067,793.734259906123,7.10099177597287,13,1073.5,9
"768","ENSMUSG00000017132","STAR",1083,5703.03982521729,"HISAT2",1070,5448.21456923876,9.03921357258411,13,1076.5,NA
"769","ENSMUSG00000031627","STAR",1095,2821.51442572866,"HISAT2",1082,2696.74261696597,8.3356439125497,13,1088.5,11
"770","ENSMUSG00000022960","STAR",1141,1909.86319335185,"HISAT2",1128,1889.05278141411,7.95661329329653,13,1134.5,NA
"771","ENSMUSG00000059555","STAR",1263,1908.27262965065,"HISAT2",1250,1896.79715342479,7.95741231208104,13,1256.5,3
"772","ENSMUSG00000025898","STAR",1298,1363.77337517177,"HISAT2",1285,1321.82375143659,7.61316953580066,13,1291.5,4
"773","ENSMUSG00000034807","STAR",1312,2156.12218565826,"HISAT2",1299,2115.71019679233,8.07526447846116,13,1305.5,3
"774","ENSMUSG00000027122","STAR",1339,1308.79224900689,"HISAT2",1326,1289.27983151497,7.57734318891875,13,1332.5,NA
"775","ENSMUSG00000000869","STAR",103,43.1114082788897,"HISAT2",115,41.8307668363547,4.15930161602933,-12,109,NA
"776","ENSMUSG00000087434","STAR",133,20.464090825906,"HISAT2",145,20.633274098408,3.42688877579552,-12,139,NA
"777","ENSMUSG00000016194","STAR",150,237.061154183541,"HISAT2",162,231.777745521215,5.86632648018132,-12,156,NA
"778","ENSMUSG00000007682","STAR",162,74.3227199821403,"HISAT2",150,73.6712353328268,4.71095565017948,12,156,1
"779","ENSMUSG00000025348","STAR",170,61.2467154626829,"HISAT2",182,58.1643354546297,4.50345726741874,-12,176,5
"780","ENSMUSG00000020902","STAR",202,28.9192846814191,"HISAT2",190,28.1128256787015,3.76063478198699,12,196,NA
"781","ENSMUSG00000024924","STAR",232,82.2903904695491,"HISAT2",220,80.2128786266537,4.8072684692761,12,226,NA
"782","ENSMUSG00000000686","STAR",247,29.3287623163516,"HISAT2",235,28.6948632605462,3.77680319271859,12,241,NA
"783","ENSMUSG00000087150","STAR",350,51.7059166040128,"HISAT2",338,50.0397498264051,4.34023791674083,12,344,NA
"784","ENSMUSG00000033295","STAR",359,410.340418170652,"HISAT2",347,400.815764205569,6.41468492711873,12,353,NA
"785","ENSMUSG00000104713","STAR",388,3166.03644242064,"HISAT2",376,3149.9494557476,8.46400571900448,12,382,3
"786","ENSMUSG00000041801","STAR",431,1507.88175329245,"HISAT2",419,1491.51287583006,7.72030116317375,12,425,2
"787","ENSMUSG00000074807","STAR",476,76.9689869501308,"HISAT2",464,76.499541527961,4.74683256238629,12,470,NA
"788","ENSMUSG00000057766","STAR",513,79.8797339741894,"HISAT2",501,77.7864164124866,4.77721362156346,12,507,NA
"789","ENSMUSG00000032547","STAR",517,277.302070808737,"HISAT2",505,263.052779706318,6.01329565648056,12,511,NA
"790","ENSMUSG00000034612","STAR",525,184.766309823943,"HISAT2",513,182.545937307905,5.62054316891728,12,519,1
"791","ENSMUSG00000039157","STAR",531,7396.17470328378,"HISAT2",519,7254.01859294592,9.30775597017243,12,525,NA
"792","ENSMUSG00000028893","STAR",539,1650.33393263939,"HISAT2",527,1630.12235848508,7.81010736242783,12,533,1
"793","ENSMUSG00000042215","STAR",570,277.3407856381,"HISAT2",558,273.631578492226,6.02624410252906,12,564,4
"794","ENSMUSG00000040495","STAR",608,160.535268605022,"HISAT2",596,159.895976204307,5.48265046844114,12,602,1
"795","ENSMUSG00000008167","STAR",621,339.287019241583,"HISAT2",609,325.121485875605,6.21829681110747,12,615,NA
"796","ENSMUSG00000029802","STAR",632,567.781081324962,"HISAT2",620,550.968025555323,6.73728137369573,12,626,NA
"797","ENSMUSG00000024812","STAR",634,449.856530354886,"HISAT2",622,435.360878584872,6.50359477398013,12,628,NA
"798","ENSMUSG00000053931","STAR",640,1910.12701237748,"HISAT2",628,1855.53578699783,7.95081782598302,12,634,NA
"799","ENSMUSG00000023951","STAR",656,810.666846760444,"HISAT2",644,802.869351662659,7.10011092763587,12,650,NA
"800","ENSMUSG00000025236","STAR",703,3217.41709847174,"HISAT2",691,3175.18623925214,8.47741444795735,12,697,NA
"801","ENSMUSG00000021180","STAR",736,465.144668065163,"HISAT2",724,452.288407957339,6.53855778567691,12,730,9
"802","ENSMUSG00000074682","STAR",740,276.884632052033,"HISAT2",728,272.905455019272,6.02426411075854,12,734,1
"803","ENSMUSG00000034574","STAR",814,367.679545703111,"HISAT2",802,355.9957479151,6.30202799466768,12,808,NA
"804","ENSMUSG00000062939","STAR",895,1211.89107900429,"HISAT2",907,1141.7515444338,7.48592184723855,-12,901,NA
"805","ENSMUSG00000003644","STAR",923,6246.97410505245,"HISAT2",911,6064.34218319305,9.13552470910757,12,917,NA
"806","ENSMUSG00000034168","STAR",1018,1967.29861537307,"HISAT2",1006,1956.68296428031,7.98808142306718,12,1012,1
"807","ENSMUSG00000034786","STAR",1062,1394.58232611156,"HISAT2",1050,1352.42528186356,7.63568785458406,12,1056,NA
"808","ENSMUSG00000026384","STAR",1084,1794.86477143524,"HISAT2",1072,1756.07508986948,7.89092017090324,12,1078,NA
"809","ENSMUSG00000020823","STAR",1159,897.483165982096,"HISAT2",1147,874.776041876681,7.19659007698079,12,1153,NA
"810","ENSMUSG00000046722","STAR",1256,5469.67562154158,"HISAT2",1244,5405.91585615054,9.00854647980677,12,1250,NA
"811","ENSMUSG00000002603","STAR",1333,8673.2831493461,"HISAT2",1321,8403.90373176983,9.46306097897552,12,1327,NA
"812","ENSMUSG00000110841","STAR",1384,3160.19990706084,"HISAT2",1372,2648.7170597059,8.40839531633809,12,1378,2
"813","ENSMUSG00000058046","STAR",92,42.0358233599615,"HISAT2",81,40.2035306269285,4.12935109847148,11,86.5,1
"814","ENSMUSG00000066129","STAR",93,51.3777116940572,"HISAT2",104,49.3478437034039,4.33141249836625,-11,98.5,NA
"815","ENSMUSG00000015970","STAR",148,44.6563277340268,"HISAT2",137,44.0264115756574,4.19974807978316,11,142.5,NA
"816","ENSMUSG00000048120","STAR",152,116.388156386507,"HISAT2",141,109.964574683831,5.14382755096988,11,146.5,NA
"817","ENSMUSG00000042331","STAR",177,54.2407390056136,"HISAT2",188,52.9673527853372,4.39104107472629,-11,182.5,NA
"818","ENSMUSG00000040592","STAR",184,43.6623251466533,"HISAT2",195,42.8852699929275,4.17600073898662,-11,189.5,NA
"819","ENSMUSG00000052821","STAR",245,83.1801743222214,"HISAT2",234,80.4042282121174,4.81528757141529,11,239.5,2
"820","ENSMUSG00000021687","STAR",283,184.679842169781,"HISAT2",272,180.728729846547,5.61693183781284,11,277.5,NA
"821","ENSMUSG00000025092","STAR",293,34.6062265100128,"HISAT2",282,33.7974668422344,3.94167811237457,11,287.5,10
"822","ENSMUSG00000012889","STAR",375,181.470577618084,"HISAT2",386,175.700446761678,5.59590323782579,-11,380.5,2
"823","ENSMUSG00000028927","STAR",399,349.108347690615,"HISAT2",388,341.156700824936,6.25322612634929,11,393.5,3
"824","ENSMUSG00000022257","STAR",407,110.189670080582,"HISAT2",396,102.947001145053,5.08551497720942,11,401.5,4
"825","ENSMUSG00000050271","STAR",481,219.863486142478,"HISAT2",470,216.589031010811,5.79349520473911,11,475.5,NA
"826","ENSMUSG00000035342","STAR",492,144.661006744936,"HISAT2",481,141.896531509611,5.3734678459938,11,486.5,NA
"827","ENSMUSG00000037706","STAR",546,2294.28594768917,"HISAT2",535,2212.31856062373,8.1316616514432,11,540.5,NA
"828","ENSMUSG00000074480","STAR",566,343.82254345268,"HISAT2",555,340.537173031777,6.24240054539884,11,560.5,1
"829","ENSMUSG00000018899","STAR",583,6524.03791855473,"HISAT2",572,6392.47286096899,9.18196912226596,11,577.5,NA
"830","ENSMUSG00000026014","STAR",659,1282.02239345879,"HISAT2",648,1268.39966736968,7.55811093674434,11,653.5,NA
"831","ENSMUSG00000030750","STAR",695,3523.9920177479,"HISAT2",706,3234.59567027298,8.54505927110893,-11,700.5,NA
"832","ENSMUSG00000040663","STAR",705,421.937083664214,"HISAT2",694,419.550646846564,6.44843423850249,11,699.5,10
"833","ENSMUSG00000051998","STAR",716,694.672770710298,"HISAT2",705,685.634244517232,6.94455951034069,11,710.5,NA
"834","ENSMUSG00000031378","STAR",753,1222.96250939569,"HISAT2",742,1186.71750086956,7.50456844870835,11,747.5,NA
"835","ENSMUSG00000030189","STAR",765,10572.258890451,"HISAT2",754,10171.8529908088,9.6587490870871,11,759.5,NA
"836","ENSMUSG00000025997","STAR",776,2485.95581625854,"HISAT2",765,2460.15963990933,8.22041268982671,11,770.5,NA
"837","ENSMUSG00000026623","STAR",779,2762.77898533528,"HISAT2",768,2718.39748920312,8.32408835870336,11,773.5,NA
"838","ENSMUSG00000072568","STAR",791,274.692632614015,"HISAT2",780,273.795779647984,6.02002897754806,11,785.5,2
"839","ENSMUSG00000056999","STAR",798,8319.98126670918,"HISAT2",787,8084.07419215151,9.42238401563997,11,792.5,5
"840","ENSMUSG00000020788","STAR",801,8064.24528627646,"HISAT2",790,7814.07751088066,9.39026606445436,11,795.5,NA
"841","ENSMUSG00000002728","STAR",947,3175.16670948947,"HISAT2",958,2964.22114327902,8.44618628192903,-11,952.5,NA
"842","ENSMUSG00000104101","STAR",948,558.019411533486,"HISAT2",937,556.159268241635,6.72874708173006,11,942.5,NA
"843","ENSMUSG00000026770","STAR",999,76196.4160702733,"HISAT2",988,74432.4303367963,11.6387880506572,11,993.5,3
"844","ENSMUSG00000001627","STAR",1042,1783.92130481599,"HISAT2",1053,1747.27642851017,7.88516350660541,-11,1047.5,NA
"845","ENSMUSG00000024556","STAR",1187,6161.59458526416,"HISAT2",1176,5923.44612216339,9.11858879392917,11,1181.5,4
"846","ENSMUSG00000042202","STAR",1221,1776.1623147182,"HISAT2",1210,1737.20588831077,7.88033759134588,11,1215.5,NA
"847","ENSMUSG00000019362","STAR",1372,2342.9448020473,"HISAT2",1361,2310.26043301078,8.15996810147571,11,1366.5,1
